{
    "distance": 0.365465,
    "n_actions": 2.941748
}