attribute,value
age,"(-inf, 37.9>"
age,"(37.9, 38.45>"
age,"(38.45, 55.15>"
age,"(55.15, 56.150000000000006>"
age,"(56.150000000000006, 58.05>"
age,"(58.05, 58.85>"
age,"(58.85, 60.95>"
age,"(60.95, 62.95>"
age,"(62.95, 66.95>"
age,"(66.95, 68.95>"
age,"(68.95, inf)"
hgb,"(-inf, 156.0>"
hgb,"(156.0, 159.0>"
hgb,"(159.0, 164.0>"
hgb,"(164.0, 166.5>"
hgb,"(166.5, 180.5>"
hgb,"(180.5, inf)"
