{
    "distance": 0.113678,
    "n_actions": 1.240741
}