id,distance,n_actions
0,0.022722,4
1,0.025799,2
2,0.019028,4
3,0.029799,2
4,0.010747,2
5,0.011256,2
6,0.016130,2
7,0.000632,1
8,0.020651,2
9,0.004215,2
10,0.021421,4
11,0.010955,4
12,0.004583,2
13,0.003775,1
14,0.022973,4
15,0.005271,2
16,0.040802,2
17,0.015110,2
