{
    "distance": 0.015882,
    "n_actions": 2.444444
}