{
    "0.05": 0.277778,
    "0.01": 0.277778,
    "0.005": 0.277778,
    "0.001": 0.277778
}