{
    "distance": 0.082228,
    "n_actions": 2.157895
}