{
    "distance": 0.123703,
    "n_actions": 1.796296
}