{
    "distance": 0.152242,
    "n_actions": 1.583333
}