{
    "distance": 0.065641,
    "n_actions": 2.431034
}