id,p
0,0.000035
1,0.000068
2,0.000068
3,0.000035
4,0.000035
5,0.000035
6,0.000035
7,0.000068
8,0.000068
9,0.000035
10,0.000035
11,0.000035
12,0.000035
13,0.000068
14,0.000035
15,0.000035
16,0.000035
17,0.000068
18,0.000035
19,0.000035
20,0.000035
21,0.000035
22,0.000035
23,0.000068
24,0.000035
25,0.000035
