id,p
0,0.000000
1,0.000006
2,0.000000
3,0.000000
4,0.000004
5,0.000000
6,0.000004
7,0.000004
8,0.000004
9,0.000000
