id,distance,n_actions
0,0.045769,3
1,0.033232,3
2,0.025316,2
3,0.034678,2
4,0.052354,3
5,0.047691,3
6,0.047321,2
7,0.075947,3
8,0.044643,2
9,0.034366,3
