id,p
0,0.125458
1,0.009534
2,0.932679
3,0.029670
4,0.049664
5,0.125458
6,0.029670
7,0.189370
8,0.080305
9,0.674845
