id,p
0,0.008206
1,0.030533
2,0.087350
3,0.017011
4,0.001091
5,0.000215
6,0.093343
7,0.016155
8,0.000006
9,0.000215
