id,p
0,1.000000
1,1.000000
2,0.908753
3,1.000000
4,1.000000
5,1.000000
6,0.020236
7,0.231441
8,0.002961
9,1.000000
