id,p
0,0.000000
1,0.000000
2,0.000000
3,0.105914
4,0.000030
5,0.063212
6,0.005166
7,0.002961
8,0.000003
9,0.000000
