id,distance,n_actions
0,0.018452,1
1,0.018643,2
2,0.061364,3
3,0.052948,3
4,0.046642,3
5,0.053413,4
6,0.059038,3
7,0.029630,3
8,0.012971,3
9,0.001992,2
