id,p
0,0.125458
1,1.000000
2,0.000000
3,0.000000
4,0.000000
5,0.000000
6,0.000004
7,0.002657
8,1.000000
9,1.000000
