id,distance,n_actions
0,0.074404,3
1,0.012334,4
2,0.014688,2
3,0.064584,3
4,0.115643,4
5,0.064550,3
6,0.078373,3
7,0.011176,4
8,0.091587,4
9,0.063862,3
10,0.011847,4
11,0.055041,4
12,0.017038,3
13,0.074160,3
14,0.040564,2
15,0.028725,2
16,0.053799,4
17,0.012321,4
18,0.115668,4
19,0.027868,2
20,0.040102,3
21,0.078125,3
22,0.039735,2
23,0.055997,2
24,0.027597,2
