id,p
0,0.998422
1,0.483629
2,0.999954
3,0.987470
4,0.801194
5,0.987470
6,0.987470
7,0.306558
8,0.696680
9,0.987470
10,0.237127
11,0.890414
12,0.987470
13,0.998422
14,0.306558
15,0.987470
16,0.953836
17,0.696680
18,0.306558
19,0.998422
20,0.998422
21,0.696680
22,0.483629
23,0.953836
24,0.998422
