{
    "distance": 0.06962,
    "n_actions": 2.08046
}