{
    "distance": 0.11728,
    "n_actions": 1.745455
}