{
    "0.05": 0.909091,
    "0.01": 0.8,
    "0.005": 0.727273,
    "0.001": 0.636364
}