{
    "distance": 0.080991,
    "n_actions": 1.663793
}