{
    "0.05": 0.801724,
    "0.01": 0.801724,
    "0.005": 0.801724,
    "0.001": 0.801724
}