{
    "distance": 0.007344,
    "n_actions": 1.113636
}