{
    "0.05": 0.181818,
    "0.01": 0.159091,
    "0.005": 0.159091,
    "0.001": 0.136364
}