{
    "distance": 0.021656,
    "n_actions": 1.367816
}