{
    "0.05": 0.965517,
    "0.01": 0.954023,
    "0.005": 0.931034,
    "0.001": 0.91954
}