attribute,value
mspike,"(-inf, 0.7000000000000001>"
mspike,"(0.7000000000000001, 1.05>"
mspike,"(1.05, inf)"
hgb,"(-inf, 11.350000000000001>"
hgb,"(11.350000000000001, 11.95>"
hgb,"(11.95, 13.649999999999999>"
hgb,"(13.649999999999999, 14.2>"
hgb,"(14.2, 15.2>"
hgb,"(15.2, inf)"
age,"(-inf, 61.5>"
age,"(61.5, 65.5>"
age,"(65.5, 74.5>"
age,"(74.5, inf)"
dxyr,"(-inf, 59.5>"
dxyr,"(59.5, 62.5>"
dxyr,"(62.5, 67.5>"
dxyr,"(67.5, inf)"
