{
    "distance": 0.049928,
    "n_actions": 1.458333
}