id,distance,n_actions
0,0.002268,1
1,0.067810,2
2,0.055556,1
3,0.060091,1
4,0.022676,1
5,0.048203,2
6,0.047619,1
7,0.077148,2
8,0.060107,2
9,0.035714,1
10,0.035147,1
11,0.038282,2
12,0.095355,2
13,0.066893,1
14,0.053288,1
15,0.033730,1
16,0.033730,1
17,0.087885,2
18,0.048753,1
19,0.048203,2
20,0.037415,1
21,0.036298,2
22,0.038866,2
23,0.067227,2
