id,p
0,1.000000
1,0.000000
2,0.000000
3,0.000001
4,0.970434
5,0.000000
6,0.000001
7,0.000011
8,0.000018
9,0.000000
10,0.046031
11,0.005461
12,0.000001
13,0.000000
14,0.000000
15,0.000029
16,0.000018
17,0.000000
18,0.000004
19,0.000000
20,0.046031
21,0.003872
22,0.007627
23,0.000001
