{
    "0.05": 0.916667,
    "0.01": 0.833333,
    "0.005": 0.75,
    "0.001": 0.708333
}