{
    "distance": 0.008034,
    "n_actions": 0.953488
}