{
    "0.05": 0.023256,
    "0.01": 0.023256,
    "0.005": 0.023256,
    "0.001": 0.023256
}