{
    "distance": 0.052026,
    "n_actions": 2.103448
}