id,p
0,0.000000
1,0.000000
2,0.000083
3,0.000000
4,0.000000
5,0.000000
6,0.000004
7,0.000000
8,0.000000
9,0.000214
10,0.008396
11,0.000000
12,0.000000
13,0.000083
14,0.000000
15,0.075738
16,0.000000
17,0.000000
18,0.000000
19,0.000000
