{
    "distance": 0.035693,
    "n_actions": 1.971014
}