{
    "0.05": 0.57971,
    "0.01": 0.405797,
    "0.005": 0.405797,
    "0.001": 0.405797
}