id,distance,n_actions
0,0.046940,4
1,0.051625,4
2,0.035119,2
3,0.053125,2
4,0.035714,2
5,0.038837,4
6,0.046777,4
7,0.026190,3
8,0.043257,3
9,0.030163,2
