id,p
0,0.017117
1,0.017117
2,0.080305
3,0.017117
4,0.125458
5,0.080305
6,0.125458
7,0.523793
8,0.821060
9,0.276034
