{
    "distance": 0.03389,
    "n_actions": 2.130435
}