{
    "0.05": 1.0,
    "0.01": 0.956522,
    "0.005": 0.956522,
    "0.001": 0.913043
}