{
    "0.05": 0.878261,
    "0.01": 0.878261,
    "0.005": 0.878261,
    "0.001": 0.878261
}