id,p
0,0.012550
1,0.089735
2,0.049269
3,0.005810
4,0.002535
5,0.000674
6,0.000005
7,0.105914
8,0.000049
9,0.002468
