id,distance,n_actions
0,0.040698,4
1,0.037290,3
2,0.025544,3
3,0.031939,4
4,0.050599,4
5,0.025000,1
6,0.029762,2
7,0.027678,3
8,0.036265,4
9,0.064994,5
