id,p
0,0.007183
1,0.000184
2,0.067884
3,0.013315
4,0.023776
5,0.000000
6,0.000184
7,0.000184
8,0.000415
9,0.013315
