{
    "distance": 0.141315,
    "n_actions": 2.142857
}