id,distance,n_actions
0,0.102848,2
1,0.024644,2
2,0.273974,3
3,0.032827,1
4,0.033240,1
5,0.220994,3
6,0.054950,2
7,0.153965,2
8,0.226355,3
9,0.105488,2
10,0.178736,2
11,0.021983,2
12,0.276614,3
13,0.173375,2
14,0.181458,2
15,0.180056,2
16,0.072718,2
17,0.073521,2
18,0.180056,2
19,0.169416,2
20,0.230397,3
