id,p
0,0.000000
1,0.001128
2,0.000000
3,0.000000
4,0.000000
5,0.000000
6,0.000009
7,0.000000
8,0.000000
9,0.000000
10,0.000000
11,0.000009
12,0.000000
13,0.000000
14,0.000000
15,0.000000
16,0.000027
17,0.000000
18,0.000000
19,0.000000
20,0.000000
