{
    "0.05": 1.0,
    "0.01": 0.938776,
    "0.005": 0.938776,
    "0.001": 0.938776
}