{
    "distance": 0.036936,
    "n_actions": 1.985507
}