attribute,value
age,"(-inf, 15.66>"
age,"(15.66, 18.985>"
age,"(18.985, 21.795>"
age,"(21.795, 30.810000000000002>"
age,"(30.810000000000002, 31.965>"
age,"(31.965, 33.760000000000005>"
age,"(33.760000000000005, 35.935>"
age,"(35.935, 36.26>"
age,"(36.26, 36.925>"
age,"(36.925, 40.0>"
age,"(40.0, 41.475>"
age,"(41.475, 44.525>"
age,"(44.525, 48.644999999999996>"
age,"(48.644999999999996, 54.615>"
age,"(54.615, inf)"
medwidsi,{N}
extranod,{N}
clinstg,"(-inf, 1.5>"
clinstg,"(1.5, inf)"
