{
    "distance": 0.120745,
    "n_actions": 1.27907
}