{
    "distance": 0.139315,
    "n_actions": 2.190476
}