{
    "distance": 0.039454,
    "n_actions": 2.038462
}