id,distance,n_actions
0,0.021985,3
1,0.087072,3
2,0.087677,3
3,0.000015,1
4,0.087563,3
5,0.000008,1
6,0.014034,2
7,0.043168,3
8,0.041620,1
9,0.041624,1
10,0.041625,1
11,0.056330,3
12,0.041608,1
13,0.041622,1
14,0.036868,3
15,0.019576,2
16,0.046420,2
17,0.042979,3
18,0.043576,3
19,0.000012,1
20,0.041626,1
21,0.026190,3
22,0.041644,1
23,0.043043,3
24,0.036298,3
25,0.041625,1
