id,p
0,0.427637
1,0.336242
2,0.105169
3,0.052509
4,0.336242
5,0.643622
6,0.427637
7,0.036075
8,0.016094
9,0.016094
10,0.016094
11,0.643622
12,0.036075
13,0.427637
14,0.105169
15,0.195423
16,0.004160
17,0.643622
18,0.643622
19,0.643622
20,0.427637
21,0.016094
22,0.000905
23,0.336242
24,0.857481
25,0.427637
