id,p
0,0.132442
1,0.132442
2,0.000420
3,0.000000
4,0.000000
5,0.000028
6,0.000002
7,0.132442
8,0.000000
9,0.000011
