id,p
0,0.097786
1,0.000130
2,0.908753
3,0.060073
4,0.153306
5,0.908753
6,1.000000
7,0.011088
8,0.011088
9,0.778950
