{
    "distance": 0.14706,
    "n_actions": 1.458333
}