{
    "distance": 0.032276,
    "n_actions": 1.670455
}