{
    "0.05": 0.409091,
    "0.01": 0.272727,
    "0.005": 0.272727,
    "0.001": 0.170455
}