id,p
0,0.000000
1,0.000000
2,0.000000
3,0.000000
4,0.000000
5,0.048055
6,0.000031
7,0.000203
8,0.000000
9,0.000000
10,0.002232
11,0.000000
12,0.000000
13,0.000000
14,0.000203
15,0.000000
16,0.000000
17,0.000000
18,0.066074
19,0.000000
20,0.000000
21,0.000000
22,0.000000
23,0.005247
