{
    "distance": 0.067578,
    "n_actions": 2.208333
}