id,distance,n_actions
0,0.060797,1
1,0.101862,2
2,0.056850,2
3,0.080898,2
4,0.019274,1
5,0.076952,2
6,0.041929,1
7,0.069429,2
8,0.063880,2
9,0.033790,2
10,0.037982,2
11,0.043162,2
12,0.090393,2
13,0.030337,2
14,0.090640,2
15,0.069676,2
16,0.056850,2
17,0.042422,2
18,0.062893,1
19,0.041950,1
20,0.035639,1
21,0.039832,1
22,0.052658,2
23,0.038229,2
