{
    "distance": 0.055764,
    "n_actions": 1.708333
}