id,p
0,0.000000
1,0.000000
2,0.000000
3,0.000000
4,0.000002
5,0.000046
6,0.000007
7,0.000000
8,0.000001
9,0.000000
10,0.000004
11,0.046031
12,0.000000
13,0.934059
14,0.000000
15,0.000000
16,0.000000
17,0.000001
18,0.000000
19,0.000000
20,0.000000
21,0.000000
22,0.000000
23,0.001301
