id,p
0,0.000000
1,0.019754
2,0.000004
3,0.000000
4,0.005166
5,0.036122
6,0.000000
7,0.002468
8,0.105914
9,0.000489
