id,distance,n_actions
0,0.023145,1
1,0.031074,2
2,0.015366,1
3,0.009372,1
4,0.018020,2
5,0.016254,2
6,0.015852,1
7,0.003989,1
8,0.023371,2
9,0.024960,1
