id,p
0,0.020236
1,0.001441
2,0.621680
3,0.621680
4,0.035536
5,0.011088
6,0.005844
7,1.000000
8,0.153306
9,0.336097
