{
    "distance": 0.031084,
    "n_actions": 1.857143
}