attribute,value
age,"(-inf, 18.75>"
age,"(18.75, 20.75>"
age,"(20.75, 38.75>"
age,"(38.75, 57.3>"
age,"(57.3, 58.85>"
age,"(58.85, 60.95>"
age,"(60.95, 62.95>"
age,"(62.95, 65.25>"
age,"(65.25, 67.55000000000001>"
age,"(67.55000000000001, 68.35>"
age,"(68.35, inf)"
hgb,"(-inf, 153.5>"
hgb,"(153.5, 166.5>"
hgb,"(166.5, 168.0>"
hgb,"(168.0, 176.0>"
hgb,"(176.0, 180.5>"
hgb,"(180.5, inf)"
