{
    "distance": 0.112027,
    "n_actions": 1.277778
}