id,p
0,0.019092
1,0.019092
2,0.041575
3,0.357561
4,0.084217
5,0.019092
6,0.003234
7,0.019092
8,0.012590
9,0.005182
10,0.028430
11,0.084217
12,0.012590
13,0.059708
14,0.019092
15,0.041575
16,0.041575
17,0.005182
18,0.084217
19,0.028430
20,0.012590
21,0.028430
22,0.012590
23,0.665725
24,0.012590
