{
    "distance": 0.063231,
    "n_actions": 2.413793
}