{
    "0.05": 0.979167,
    "0.01": 0.979167,
    "0.005": 0.979167,
    "0.001": 0.979167
}