id,p
0,0.000000
1,0.002022
2,0.007358
3,0.000000
4,0.014104
5,0.000000
6,0.000000
7,0.000000
8,0.045701
9,0.000000
