id,p
0,0.093486
1,0.059172
2,0.000946
3,0.842629
4,0.000946
5,0.036243
6,0.211521
7,0.703573
8,0.000457
9,0.703573
