{
    "distance": 0.234166,
    "n_actions": 2.23301
}