{
    "0.05": 0.776699,
    "0.01": 0.640777,
    "0.005": 0.631068,
    "0.001": 0.631068
}