id,p
0,0.000000
1,0.000000
2,0.000000
3,0.000007
4,0.000217
5,0.000021
6,0.000001
7,0.000000
8,0.000541
9,0.000000
10,0.000037
11,0.000000
12,0.000035
13,0.000000
14,0.000000
15,0.000000
16,0.000000
17,0.002577
18,0.000000
19,0.000021
20,0.021610
21,0.000000
22,0.000000
23,0.000000
