id,distance,n_actions
0,0.072856,3
1,0.049776,3
2,0.067187,2
3,0.051587,1
4,0.057850,3
5,0.033730,1
6,0.033730,1
7,0.080665,2
8,0.039683,1
9,0.097021,3
10,0.092433,2
11,0.055419,2
12,0.041667,1
13,0.090676,4
14,0.095101,3
15,0.044681,3
16,0.100369,3
17,0.031609,2
18,0.069207,3
19,0.041667,1
20,0.047619,1
21,0.098972,3
22,0.051314,2
23,0.029224,2
