{
    "distance": 0.061418,
    "n_actions": 2.166667
}