{
    "0.05": 1.0,
    "0.01": 0.979167,
    "0.005": 0.979167,
    "0.001": 0.895833
}