id,p
0,0.001326
1,0.062548
2,0.000140
3,0.000000
4,0.000000
5,0.000000
6,0.000006
7,0.006871
8,0.000044
9,0.000000
