id,distance,n_actions
0,0.017782,2
1,0.029746,3
2,0.029232,3
3,0.053658,3
4,0.018459,2
5,0.009597,3
6,0.015848,3
7,0.018613,3
8,0.024709,3
9,0.024384,3
