id,p
0,0.914112
1,0.001644
2,0.479622
3,0.479622
4,0.003331
5,1.000000
6,0.999999
7,0.788036
8,1.000000
9,0.999999
