{
    "distance": 0.052104,
    "n_actions": 1.666667
}