id,distance,n_actions
0,0.005952,1
1,0.025794,1
2,0.073723,3
3,0.051587,1
4,0.013889,1
5,0.033730,1
6,0.033730,1
7,0.102207,3
8,0.051177,2
9,0.011905,1
10,0.092433,2
11,0.051587,1
12,0.041667,1
13,0.088408,3
14,0.095101,3
15,0.029762,1
16,0.090453,3
17,0.040129,3
18,0.017857,1
19,0.041667,1
20,0.047619,1
21,0.102973,3
22,0.043651,1
23,0.063492,1
