id,p
0,0.007627
1,0.000000
2,0.000000
3,0.000000
4,0.000072
5,0.000000
6,0.000000
7,0.000000
8,0.000002
9,0.000001
10,0.000000
11,0.000000
12,0.000000
13,0.000001
14,0.000000
15,0.000000
16,0.000000
17,0.000000
18,0.000598
19,0.000000
20,0.000000
21,0.000000
22,0.000000
23,0.000000
