{
    "distance": 0.319869,
    "n_actions": 2.685185
}