{
    "distance": 0.039624,
    "n_actions": 2.846154
}