id,distance,n_actions
0,0.028195,4
1,0.075351,5
2,0.040866,2
3,0.026397,4
4,0.039126,2
5,0.102650,4
6,0.019493,4
7,0.041371,3
8,0.076080,5
9,0.078209,5
10,0.037464,3
11,0.076365,5
12,0.041715,3
13,0.073470,5
14,0.103112,4
15,0.078260,5
16,0.041368,2
17,0.040017,2
18,0.100823,4
19,0.040199,2
20,0.040605,3
21,0.027061,4
22,0.078886,5
23,0.040747,3
24,0.026785,4
