{
    "distance": 0.027643,
    "n_actions": 2.368421
}