id,distance,n_actions
0,0.044307,4
1,0.040550,2
2,0.011811,2
3,0.049572,4
4,0.012956,2
5,0.010822,2
6,0.038674,2
7,0.026649,2
8,0.037191,2
9,0.028801,2
10,0.027914,2
11,0.042396,4
12,0.029349,2
13,0.013603,2
14,0.032759,3
15,0.003358,2
16,0.043168,2
17,0.011406,2
18,0.019940,2
