{
    "distance": 0.034499,
    "n_actions": 1.304348
}