{
    "distance": 0.117077,
    "n_actions": 1.267442
}