{
    "0.05": 0.367816,
    "0.01": 0.310345,
    "0.005": 0.310345,
    "0.001": 0.241379
}