id,distance,n_actions
0,0.038366,1
1,0.110875,3
2,0.111004,3
3,0.111549,3
4,0.003496,1
5,0.009145,1
6,0.008633,1
7,0.008778,1
8,0.109390,3
9,0.111349,3
10,0.110168,3
11,0.036987,1
12,0.007577,1
13,0.009809,1
14,0.006781,1
15,0.008998,1
16,0.002376,1
17,0.001348,1
18,0.009097,1
19,0.009943,1
20,0.039089,1
21,0.010089,1
22,0.038781,1
23,0.039355,1
24,0.037572,1
