id,p
0,1.000000
1,0.091375
2,0.091375
3,0.091375
4,1.000000
5,1.000000
6,1.000000
7,1.000000
8,0.091375
9,0.091375
10,0.091375
11,1.000000
12,1.000000
13,1.000000
14,1.000000
15,1.000000
16,1.000000
17,1.000000
18,1.000000
19,1.000000
20,1.000000
21,1.000000
22,1.000000
23,1.000000
24,1.000000
