{
    "distance": 0.043137,
    "n_actions": 1.045977
}