{
    "0.05": 0.804598,
    "0.01": 0.735632,
    "0.005": 0.735632,
    "0.001": 0.678161
}