{
    "distance": 0.019319,
    "n_actions": 2.611111
}