id,distance,n_actions
0,0.022722,4
1,0.013574,4
2,0.019028,4
3,0.029799,2
4,0.010747,2
5,0.011256,2
6,0.016130,2
7,0.028571,1
8,0.020651,2
9,0.021142,4
10,0.021421,4
11,0.010955,4
12,0.012163,2
13,0.028571,1
14,0.011848,2
15,0.013253,3
16,0.040802,2
17,0.015110,2
