{
    "distance": 0.033504,
    "n_actions": 2.289855
}