{
    "distance": 0.038035,
    "n_actions": 1.130435
}