{
    "0.05": 0.704348,
    "0.01": 0.704348,
    "0.005": 0.704348,
    "0.001": 0.686957
}