id,distance,n_actions
0,0.014527,2
1,0.000656,3
2,0.125792,6
3,0.023608,3
4,0.000431,2
5,0.015062,2
6,0.022648,3
7,0.011868,2
8,0.094658,3
9,0.020736,2
10,0.052432,2
11,0.023061,2
12,0.053482,2
13,0.094729,3
14,0.094114,3
15,0.083639,6
16,0.022498,2
17,0.001769,2
18,0.001600,3
19,0.124478,6
20,0.011026,2
21,0.019686,2
22,0.021857,2
23,0.023572,3
24,0.023341,3
