id,p
0,0.180169
1,1.000000
2,0.001054
3,0.999954
4,0.890414
5,0.004479
6,1.000000
7,0.987470
8,1.000000
9,0.010766
10,0.998422
11,0.000000
12,0.998422
13,1.000000
14,0.987470
15,0.953836
16,0.000000
17,0.998422
18,0.180169
19,0.004479
20,0.098734
21,0.000000
22,0.000000
23,1.000000
24,1.000000
