{
    "distance": 0.051357,
    "n_actions": 1.541667
}