{
    "distance": 0.056502,
    "n_actions": 2.583333
}