id,p
0,0.000000
1,0.000001
2,0.002806
3,0.000030
4,0.014789
5,0.000076
6,0.000076
7,0.000030
8,0.935239
9,0.000276
10,0.000000
11,0.078711
12,0.014789
13,0.000001
14,0.935239
15,0.000276
16,0.935239
17,0.000002
18,0.000048
19,0.078711
20,0.935239
21,0.935239
22,0.000000
23,0.000001
