{
    "distance": 0.028128,
    "n_actions": 1.043478
}