{
    "0.05": 0.971014,
    "0.01": 0.956522,
    "0.005": 0.927536,
    "0.001": 0.869565
}