{
    "distance": 0.142817,
    "n_actions": 1.041667
}