{
    "distance": 0.332178,
    "n_actions": 2.893204
}