id,distance,n_actions
0,0.029909,2
1,0.011064,2
2,0.066659,2
3,0.031472,2
4,0.019704,2
5,0.009500,2
6,0.047072,2
7,0.019431,2
8,0.020565,2
9,0.020838,2
10,0.042967,2
11,0.027367,2
12,0.016303,2
13,0.009500,2
14,0.028345,1
15,0.030612,1
16,0.030495,2
17,0.012472,1
18,0.088318,2
19,0.019274,1
20,0.025256,2
21,0.066541,3
22,0.023262,2
23,0.022832,2
24,0.034600,2
