id,p
0,0.007223
1,0.000004
2,0.000242
3,0.000000
4,0.003643
5,0.000000
6,0.000367
7,0.000367
8,0.001765
9,0.000242
10,0.000000
11,0.025206
12,0.000158
13,0.000041
14,0.000000
15,0.000001
16,0.989688
17,0.000158
18,0.000000
19,0.000016
20,0.044370
21,0.000000
22,0.000242
23,0.000001
24,0.096229
