{
    "distance": 0.031062,
    "n_actions": 2.02381
}