{
    "distance": 0.040286,
    "n_actions": 2.769231
}