id,distance,n_actions
0,0.052795,3
1,0.003494,2
2,0.044482,3
3,0.002494,2
4,0.054964,3
5,0.003402,3
6,0.005088,3
7,0.036158,3
8,0.036937,3
9,0.036708,2
10,0.082519,3
11,0.081119,3
12,0.082019,3
13,0.082201,3
14,0.056583,3
15,0.006272,2
16,0.002748,3
17,0.083015,3
18,0.043553,3
19,0.082336,3
20,0.003066,3
21,0.002187,3
22,0.001045,3
23,0.083472,3
24,0.042202,2
25,0.036571,2
