id,p
0,0.410139
1,0.244535
2,0.000000
3,0.244535
4,0.032205
5,0.244535
6,0.014038
7,0.244535
8,0.096799
9,0.740899
10,0.740899
11,0.068378
12,0.134420
13,0.047381
14,0.244535
15,0.999841
16,0.996330
17,0.320081
18,0.000000
19,0.000035
20,0.000000
21,0.000126
22,0.009001
23,0.096799
24,1.000000
25,0.410139
