{
    "0.05": 0.346154,
    "0.01": 0.230769,
    "0.005": 0.192308,
    "0.001": 0.192308
}