id,p
0,0.011512
1,0.011512
2,0.632858
3,0.632858
4,0.011512
5,0.011512
6,0.011512
7,0.011512
8,0.632858
9,0.632858
