id,distance,n_actions
0,0.018262,3
1,0.014716,3
2,0.037447,3
3,0.054558,3
4,0.025405,3
5,0.021685,3
6,0.025484,3
7,0.022335,3
8,0.033970,3
9,0.031834,3
