id,p
0,0.999402
1,0.985367
2,0.502056
3,0.502056
4,1.000000
5,1.000000
6,0.805191
7,0.999402
8,0.654390
9,0.502056
