{
    "distance": 0.349399,
    "n_actions": 2.980583
}