{
    "0.05": 1.0,
    "0.01": 0.970874,
    "0.005": 0.961165,
    "0.001": 0.961165
}