{
    "distance": 0.043775,
    "n_actions": 0.977011
}