{
    "0.05": 0.908046,
    "0.01": 0.850575,
    "0.005": 0.850575,
    "0.001": 0.770115
}