{
    "distance": 0.035228,
    "n_actions": 2.147059
}