{
    "distance": 0.077594,
    "n_actions": 2.204545
}