{
    "distance": 0.143822,
    "n_actions": 1.041667
}