{
    "distance": 0.084448,
    "n_actions": 2.350877
}