{
    "distance": 0.054531,
    "n_actions": 2.206897
}