{
    "distance": 0.084864,
    "n_actions": 1.081395
}