{
    "distance": 0.088488,
    "n_actions": 2.315789
}