{
    "distance": 0.26387,
    "n_actions": 2.436893
}