{
    "distance": 0.059041,
    "n_actions": 1.678261
}