{
    "0.05": 0.773913,
    "0.01": 0.773913,
    "0.005": 0.773913,
    "0.001": 0.773913
}