{
    "distance": 0.021386,
    "n_actions": 1.367816
}