{
    "0.05": 0.931034,
    "0.01": 0.712644,
    "0.005": 0.609195,
    "0.001": 0.206897
}