{
    "distance": 0.015196,
    "n_actions": 0.991304
}