attribute,value
age,"(-inf, 15.66>"
age,"(15.66, 16.3>"
age,"(16.3, 21.335>"
age,"(21.335, 29.595>"
age,"(29.595, 29.795>"
age,"(29.795, 32.620000000000005>"
age,"(32.620000000000005, 32.945>"
age,"(32.945, 33.760000000000005>"
age,"(33.760000000000005, 36.445>"
age,"(36.445, 36.925>"
age,"(36.925, 41.975>"
age,"(41.975, 45.31>"
age,"(45.31, 49.985>"
age,"(49.985, 54.745000000000005>"
age,"(54.745000000000005, inf)"
extranod,{N}
medwidsi,{N}
medwidsi,{S}
trtgiven,{RT}
