{
    "distance": 0.143529,
    "n_actions": 1.406977
}