{
    "distance": 0.006234,
    "n_actions": 0.953488
}