{
    "0.05": 0.697674,
    "0.01": 0.348837,
    "0.005": 0.348837,
    "0.001": 0.069767
}