{
    "distance": 0.07555,
    "n_actions": 2.982456
}