{
    "distance": 0.033086,
    "n_actions": 1.666667
}