{
    "0.05": 0.855072,
    "0.01": 0.855072,
    "0.005": 0.84058,
    "0.001": 0.797101
}