{
    "distance": 0.035261,
    "n_actions": 1.231884
}