{
    "0.05": 0.961165,
    "0.01": 0.786408,
    "0.005": 0.786408,
    "0.001": 0.737864
}