{
    "distance": 0.357836,
    "n_actions": 2.902913
}