id,distance,n_actions
0,0.047096,1
1,0.034537,1
2,0.021978,1
3,0.041241,1
4,0.029198,1
5,0.035879,1
6,0.003140,1
7,0.023919,1
8,0.026559,1
9,0.058085,1
10,0.039921,1
11,0.006279,1
12,0.041241,1
13,0.030600,1
14,0.040816,1
15,0.041241,1
16,0.012559,1
17,0.035879,1
18,0.017268,1
19,0.033240,1
20,0.018641,1
