{
    "distance": 0.101312,
    "n_actions": 1.148148
}