{
    "distance": 0.082492,
    "n_actions": 1.018519
}