{
    "distance": 0.05087,
    "n_actions": 1.613636
}