{
    "0.05": 0.977273,
    "0.01": 0.977273,
    "0.005": 0.931818,
    "0.001": 0.784091
}