{
    "distance": 0.044609,
    "n_actions": 2.090909
}