{
    "0.05": 0.693182,
    "0.01": 0.522727,
    "0.005": 0.386364,
    "0.001": 0.25
}