{
    "distance": 0.086891,
    "n_actions": 2.689655
}