id,distance,n_actions
0,0.021446,2
1,0.012451,2
2,0.051224,2
3,0.018032,2
4,0.059787,2
5,0.057969,2
6,0.058170,2
7,0.060335,2
8,0.057359,2
9,0.049028,2
10,0.050237,2
11,0.049833,2
12,0.021884,2
13,0.059751,2
14,0.012334,2
15,0.060563,2
16,0.021794,2
17,0.021281,2
18,0.011247,2
19,0.058108,2
20,0.017705,2
21,0.018122,2
22,0.020808,2
23,0.011799,2
