{
    "distance": 0.048438,
    "n_actions": 2.034483
}