{
    "distance": 0.029457,
    "n_actions": 1.422414
}