{
    "0.05": 0.758621,
    "0.01": 0.758621,
    "0.005": 0.758621,
    "0.001": 0.758621
}