id,p
0,0.000374
1,0.000142
2,0.000374
3,0.000374
4,0.000374
5,0.000374
6,0.000142
7,0.000374
8,0.000142
9,0.000374
