id,distance,n_actions
0,0.074325,4
1,0.049335,4
2,0.031747,3
3,0.041593,4
4,0.004584,3
5,0.029933,3
6,0.042569,4
7,0.018112,3
8,0.026734,4
9,0.020373,3
