id,p
0,0.999999
1,0.999999
2,0.999194
3,0.914112
4,1.000000
5,1.000000
6,0.999999
7,1.000000
8,1.000000
9,1.000000
