{
    "distance": 0.253648,
    "n_actions": 2.12963
}