id,distance,n_actions
0,0.029909,2
1,0.064058,3
2,0.065826,2
3,0.070862,2
4,0.035147,2
5,0.042517,2
6,0.070862,2
7,0.024591,2
8,0.059137,3
9,0.067793,3
10,0.164308,3
11,0.066292,3
12,0.087302,1
13,0.048203,2
14,0.041667,1
15,0.047386,2
16,0.085498,3
17,0.062891,2
18,0.088318,2
19,0.087061,2
20,0.058390,2
21,0.056337,2
22,0.033730,1
23,0.087043,3
24,0.030612,2
