{
    "distance": 0.035558,
    "n_actions": 1.582609
}