{
    "0.05": 0.765217,
    "0.01": 0.765217,
    "0.005": 0.765217,
    "0.001": 0.765217
}