{
    "distance": 0.071533,
    "n_actions": 1.114943
}