{
    "0.05": 0.988506,
    "0.01": 0.988506,
    "0.005": 0.988506,
    "0.001": 0.977011
}