{
    "distance": 0.094546,
    "n_actions": 1.12963
}