{
    "0.05": 0.537037,
    "0.01": 0.388889,
    "0.005": 0.388889,
    "0.001": 0.333333
}