{
    "distance": 0.139161,
    "n_actions": 1.166667
}