id,p
0,0.000006
1,0.000142
2,0.011512
3,0.103150
4,0.000000
5,0.000004
6,0.000000
7,0.000014
8,0.003331
9,0.069921
