id,distance,n_actions
0,0.007562,3
1,0.017608,3
2,0.019873,2
3,0.026239,2
4,0.024206,3
5,0.006835,2
6,0.021394,3
7,0.007002,1
8,0.011563,2
9,0.009907,3
