id,p
0,1.000000
1,0.502056
2,0.502056
3,0.000016
4,1.000000
5,1.000000
6,0.654390
7,0.985367
8,0.025664
9,0.502056
