{
    "distance": 0.059619,
    "n_actions": 1.252174
}