{
    "0.05": 0.965217,
    "0.01": 0.965217,
    "0.005": 0.965217,
    "0.001": 0.956522
}