{
    "distance": 0.138411,
    "n_actions": 1.041667
}