{
    "0.05": 0.674419,
    "0.01": 0.44186,
    "0.005": 0.116279,
    "0.001": 0.046512
}