{
    "0.05": 0.465116,
    "0.01": 0.465116,
    "0.005": 0.465116,
    "0.001": 0.465116
}