id,p
0,0.097786
1,0.000051
2,0.000374
3,0.035536
4,0.000142
5,0.035536
6,0.035536
7,0.000051
8,0.153306
9,0.035536
