{
    "distance": 0.348474,
    "n_actions": 3.048544
}