id,p
0,0.000000
1,0.000000
2,0.000005
3,0.000000
4,0.000000
5,0.004106
6,0.000000
7,0.000014
8,0.001207
9,0.000000
10,0.000000
11,0.000000
12,0.000000
13,0.000000
14,0.033926
15,0.000000
16,0.000000
17,0.000000
18,0.000000
19,0.000000
20,0.024610
21,0.000063
22,0.004198
23,0.000000
