{
    "0.05": 1.0,
    "0.01": 0.916667,
    "0.005": 0.916667,
    "0.001": 0.791667
}