{
    "distance": 0.06019,
    "n_actions": 2.083333
}