id,distance,n_actions
0,0.047052,2
1,0.076531,2
2,0.047386,2
3,0.037982,2
4,0.017007,2
5,0.044234,2
6,0.099460,4
7,0.055419,2
8,0.057306,2
9,0.078798,2
10,0.055839,2
11,0.069728,2
12,0.150782,4
13,0.040748,3
14,0.072362,2
15,0.039683,1
16,0.082483,2
17,0.036281,2
18,0.072279,2
19,0.059455,2
20,0.065476,1
21,0.049603,1
22,0.064626,2
23,0.024033,2
