{
    "distance": 0.03575,
    "n_actions": 2.011364
}