{
    "distance": 0.136971,
    "n_actions": 1.104167
}