{
    "distance": 0.033503,
    "n_actions": 1.690476
}