{
    "distance": 0.149487,
    "n_actions": 1.979167
}