{
    "0.05": 1.0,
    "0.01": 0.083333,
    "0.005": 0.083333,
    "0.001": 0.083333
}