{
    "distance": 0.016914,
    "n_actions": 0.991304
}