{
    "distance": 0.052945,
    "n_actions": 1.217391
}