{
    "0.05": 0.530435,
    "0.01": 0.530435,
    "0.005": 0.530435,
    "0.001": 0.530435
}