{
    "distance": 0.006185,
    "n_actions": 0.953488
}