{
    "0.05": 0.604651,
    "0.01": 0.465116,
    "0.005": 0.348837,
    "0.001": 0.325581
}