{
    "distance": 0.136411,
    "n_actions": 1.372093
}