{
    "distance": 0.035091,
    "n_actions": 1.052174
}