id,distance,n_actions
0,0.033240,1
1,0.099170,2
2,0.104696,2
3,0.033157,1
4,0.078137,2
5,0.062438,1
6,0.031755,1
7,0.082096,2
8,0.032687,2
9,0.030435,1
10,0.031755,1
11,0.076735,2
12,0.058397,1
13,0.019878,1
14,0.086055,2
15,0.099417,2
16,0.043797,1
17,0.121632,2
18,0.025239,1
19,0.099170,2
