{
    "distance": 0.048014,
    "n_actions": 1.458333
}