id,p
0,1.000000
1,0.000007
2,1.000000
3,0.000598
4,1.000000
5,0.000007
6,1.000000
7,0.000000
8,0.000000
9,0.000112
10,1.000000
11,0.000264
12,0.000000
13,1.000000
14,1.000000
15,0.000173
16,0.000173
17,0.000000
18,0.000007
19,0.000007
20,1.000000
21,0.000399
22,0.000598
23,0.000001
