{
    "distance": 0.030347,
    "n_actions": 1.666667
}