id,p
0,0.000927
1,0.160406
2,0.000017
3,0.063929
4,0.000927
5,0.000927
6,0.000337
7,0.000927
8,0.002175
9,0.021967
