id,distance,n_actions
0,0.007562,3
1,0.018468,2
2,0.047733,3
3,0.026239,2
4,0.024206,3
5,0.024444,3
6,0.009258,2
7,0.030543,3
8,0.014161,3
9,0.013108,2
