id,p
0,1.000000
1,0.923938
2,0.502056
3,0.923938
4,0.923938
5,0.502056
6,1.000000
7,0.923938
8,0.985367
9,0.999402
