{
    "distance": 0.026612,
    "n_actions": 1.15942
}