{
    "0.05": 0.869565,
    "0.01": 0.869565,
    "0.005": 0.855072,
    "0.001": 0.811594
}