{
    "distance": 0.141084,
    "n_actions": 1.481481
}