{
    "distance": 0.059044,
    "n_actions": 2.333333
}