id,distance,n_actions
0,0.084907,2
1,0.055282,2
2,0.059387,2
3,0.041530,2
4,0.123616,3
5,0.043860,3
6,0.118384,3
7,0.042733,3
8,0.081076,2
9,0.069444,1
10,0.068020,3
11,0.051450,2
12,0.035714,1
13,0.071501,3
14,0.062392,3
15,0.069891,3
16,0.069171,2
17,0.018441,2
18,0.015736,2
19,0.019841,1
20,0.069034,2
21,0.038145,3
22,0.068327,3
23,0.039171,3
