id,p
0,0.000000
1,0.000000
2,0.000000
3,0.000000
4,0.000001
5,0.026847
6,0.026847
7,0.000001
8,0.000000
9,0.000000
10,0.000076
11,0.000000
12,0.000000
13,0.000003
14,0.000000
15,0.000000
16,0.000000
17,0.000019
18,1.000000
19,0.005619
20,0.000000
21,0.000000
22,0.000000
23,0.935239
