{
    "distance": 0.238442,
    "n_actions": 2.271845
}