{
    "0.05": 0.805825,
    "0.01": 0.504854,
    "0.005": 0.504854,
    "0.001": 0.504854
}