{
    "distance": 0.017543,
    "n_actions": 1.104348
}