{
    "0.05": 0.973913,
    "0.01": 0.973913,
    "0.005": 0.973913,
    "0.001": 0.93913
}