{
    "distance": 0.032078,
    "n_actions": 0.94186
}