{
    "0.05": 0.372093,
    "0.01": 0.244186,
    "0.005": 0.22093,
    "0.001": 0.186047
}