id,distance,n_actions
0,0.009184,1
1,0.019096,1
2,0.013411,1
3,0.009329,1
4,0.006414,1
5,0.006024,1
6,0.005539,1
7,0.009184,1
8,0.009621,1
9,0.005539,1
10,0.021283,1
11,0.000729,1
12,0.001312,1
13,0.017784,1
14,0.005456,1
15,0.005394,1
16,0.018659,1
17,0.019679,1
18,0.015015,1
