id,distance,n_actions
0,0.013787,3
1,0.023131,3
2,0.040866,2
3,0.013313,3
4,0.039126,2
5,0.094658,3
6,0.002113,3
7,0.040913,2
8,0.025378,3
9,0.024765,3
10,0.036090,2
11,0.025555,3
12,0.040799,2
13,0.025128,3
14,0.091267,3
15,0.024275,3
16,0.041368,2
17,0.040017,2
18,0.092425,3
19,0.040199,2
20,0.040147,2
21,0.010604,3
22,0.026746,3
23,0.040289,2
24,0.012067,3
