{
    "distance": 0.037368,
    "n_actions": 1.298851
}