{
    "0.05": 0.931034,
    "0.01": 0.793103,
    "0.005": 0.793103,
    "0.001": 0.563218
}