id,p
0,0.000000
1,0.000002
2,0.000000
3,0.070562
4,0.000825
5,0.000000
6,0.000000
7,0.000000
8,0.000000
9,0.000039
10,0.000000
11,0.000000
12,0.000003
13,0.000003
14,0.000002
15,0.000000
16,0.000000
17,0.000783
18,0.000000
19,0.000000
20,0.000000
21,0.000000
22,0.000000
23,0.000005
24,0.000000
25,0.000000
