id,distance,n_actions
0,0.020591,2
1,0.013012,2
2,0.020973,2
3,0.038435,2
4,0.003701,1
5,0.007788,2
6,0.036747,2
7,0.003711,1
8,0.019784,2
9,0.064091,2
10,0.003696,1
11,0.038121,2
12,0.020047,2
13,0.020978,1
14,0.040401,2
15,0.019972,2
16,0.007893,2
17,0.029842,2
18,0.020945,2
19,0.047515,2
20,0.020170,2
21,0.019490,2
22,0.047538,2
23,0.007828,2
24,0.007802,2
25,0.079378,2
