{
    "distance": 0.025402,
    "n_actions": 1.846154
}