id,p
0,1.000000
1,1.000000
2,1.000000
3,0.016094
4,0.000905
5,0.980064
6,0.036075
7,0.001534
8,1.000000
9,0.980064
10,1.000000
11,1.000000
12,0.934841
13,0.996978
14,0.999881
15,0.980064
16,0.980064
17,0.427637
18,0.427637
19,0.980064
20,1.000000
21,1.000000
22,0.980064
23,0.105169
24,0.980064
25,0.643622
