{
    "0.05": 0.153846,
    "0.01": 0.076923,
    "0.005": 0.076923,
    "0.001": 0.038462
}