{
    "distance": 0.173425,
    "n_actions": 1.462963
}