{
    "0.05": 0.796296,
    "0.01": 0.759259,
    "0.005": 0.759259,
    "0.001": 0.722222
}