{
    "distance": 0.033949,
    "n_actions": 2.961538
}