{
    "distance": 0.121344,
    "n_actions": 1.763636
}