{
    "distance": 0.006065,
    "n_actions": 0.930233
}