{
    "0.05": 0.372093,
    "0.01": 0.325581,
    "0.005": 0.325581,
    "0.001": 0.302326
}