id,distance,n_actions
0,0.044079,2
1,0.063683,1
2,0.150435,2
3,0.049470,2
4,0.088397,2
5,0.033980,2
6,0.186807,2
7,0.233102,3
8,0.168184,2
9,0.074884,2
10,0.084337,1
11,0.188131,2
12,0.192683,2
13,0.022725,2
14,0.235833,3
15,0.182834,2
16,0.053970,2
17,0.053356,1
18,0.181510,2
19,0.166860,2
