id,distance,n_actions
0,0.075113,2
1,0.056689,2
2,0.047198,3
3,0.070862,2
4,0.039296,3
5,0.045617,3
6,0.070862,2
7,0.044999,3
8,0.121095,3
9,0.064591,3
10,0.164308,3
11,0.069427,3
12,0.100770,2
13,0.048203,2
14,0.061275,2
15,0.054637,3
16,0.074760,3
17,0.069427,3
18,0.077913,3
19,0.093597,3
20,0.058390,2
21,0.056337,2
22,0.033730,1
23,0.054705,2
24,0.043900,3
