id,p
0,0.000000
1,0.000002
2,0.007223
3,0.000000
4,0.000552
5,0.000102
6,0.000001
7,0.007223
8,0.000002
9,0.000242
10,0.000000
11,0.000000
12,0.000000
13,0.000016
14,0.000016
15,0.000242
16,0.000001
17,0.000000
18,0.007223
19,0.000000
20,0.000004
21,0.000001
22,0.000158
23,0.000000
24,0.000158
