{
    "distance": 0.213592,
    "n_actions": 2.126214
}