{
    "0.05": 0.902913,
    "0.01": 0.718447,
    "0.005": 0.718447,
    "0.001": 0.553398
}