{
    "distance": 0.067044,
    "n_actions": 1.977273
}