{
    "0.05": 0.772727,
    "0.01": 0.659091,
    "0.005": 0.5,
    "0.001": 0.454545
}