{
    "distance": 0.257397,
    "n_actions": 2.281553
}