{
    "0.05": 0.893204,
    "0.01": 0.805825,
    "0.005": 0.76699,
    "0.001": 0.699029
}