id,p
0,0.036122
1,0.002468
2,0.036122
3,0.087350
4,0.213675
5,0.019754
6,0.019754
7,0.213675
8,0.005166
9,0.002468
