id,p
0,1.000000
1,0.999063
2,1.000000
3,1.000000
4,1.000000
5,1.000000
6,1.000000
7,0.999999
8,1.000000
9,0.999999
