{
    "distance": 0.021533,
    "n_actions": 1.310345
}