id,distance,n_actions
0,0.001822,1
1,0.043842,2
2,0.060012,4
3,0.022423,2
4,0.026180,2
5,0.026614,2
6,0.011135,2
7,0.020191,2
8,0.037532,2
9,0.040069,2
