{
    "distance": 0.051169,
    "n_actions": 1.727273
}