{
    "0.05": 0.977273,
    "0.01": 0.965909,
    "0.005": 0.965909,
    "0.001": 0.943182
}