{
    "distance": 0.035805,
    "n_actions": 2.014706
}