{
    "0.05": 0.955882,
    "0.01": 0.955882,
    "0.005": 0.955882,
    "0.001": 0.955882
}