{
    "distance": 0.139365,
    "n_actions": 1.122449
}