{
    "distance": 0.064962,
    "n_actions": 1.443478
}