{
    "distance": 0.06317,
    "n_actions": 1.47619
}