id,distance,n_actions
0,0.068987,2
1,0.068671,2
2,0.070275,2
3,0.045685,2
4,0.069376,2
5,0.023796,2
6,0.046624,2
7,0.068751,2
8,0.079681,2
9,0.069321,2
10,0.068263,2
11,0.069464,2
12,0.068447,2
13,0.046201,2
14,0.069158,2
15,0.069460,2
16,0.121498,3
17,0.069922,2
18,0.069552,2
19,0.069120,2
20,0.000487,2
21,0.045805,2
22,0.119531,3
23,0.069124,2
