id,p
0,0.998316
1,0.998316
2,0.691700
3,0.301818
4,0.998316
5,1.000000
6,0.383777
7,0.887478
8,0.301818
9,0.999950
10,0.952209
11,0.999950
12,0.999950
13,1.000000
14,0.887478
15,0.691700
16,0.478199
17,0.691700
18,0.999950
19,0.887478
20,1.000000
21,0.301818
22,0.952209
23,0.887478
