id,distance,n_actions
0,0.041637,1
1,0.041634,1
2,0.041632,1
3,0.000015,1
4,0.041633,1
5,0.043139,3
6,0.041630,1
7,0.043168,3
8,0.041620,1
9,0.041624,1
10,0.041625,1
11,0.041637,1
12,0.041608,1
13,0.086637,3
14,0.041622,1
15,0.041628,1
16,0.041632,1
17,0.000005,1
18,0.000003,1
19,0.000012,1
20,0.041626,1
21,0.041591,1
22,0.041644,1
23,0.043043,3
24,0.041640,1
25,0.041625,1
