{
    "distance": 0.037127,
    "n_actions": 1.307692
}