id,p
0,0.996978
1,0.996978
2,0.996978
3,0.531512
4,0.996978
5,0.857481
6,0.996978
7,0.427637
8,0.980064
9,0.980064
10,0.980064
11,0.996978
12,0.643622
13,0.756119
14,0.980064
15,0.934841
16,0.996978
17,1.000000
18,1.000000
19,0.756119
20,0.980064
21,0.934841
22,0.996978
23,0.258888
24,0.996978
25,0.996978
