{
    "distance": 0.060246,
    "n_actions": 2.258621
}