id,p
0,0.000074
1,0.007881
2,0.123923
3,0.000000
4,0.000016
5,0.123923
6,0.000016
7,0.000003
8,0.000074
9,0.007881
10,0.000000
11,1.000000
12,0.000000
13,0.000000
14,0.000074
15,0.000000
16,1.000000
17,0.000074
18,0.000016
19,0.000000
20,0.123923
