id,distance,n_actions
0,0.064416,2
1,0.136479,2
2,0.062166,2
3,0.141880,2
4,0.033761,2
5,0.041241,1
6,0.035879,1
7,0.079539,2
8,0.038601,1
9,0.037776,1
10,0.079539,2
11,0.039454,2
12,0.135159,2
13,0.082430,2
14,0.029198,1
15,0.083498,2
16,0.137702,2
17,0.041241,1
18,0.041774,2
19,0.027879,1
20,0.037199,1
