{
    "distance": 0.066991,
    "n_actions": 1.619048
}