{
    "distance": 0.024373,
    "n_actions": 1.126437
}