{
    "0.05": 0.114943,
    "0.01": 0.114943,
    "0.005": 0.114943,
    "0.001": 0.091954
}