{
    "0.05": 0.052632,
    "0.01": 0.052632,
    "0.005": 0.052632,
    "0.001": 0.052632
}