{
    "distance": 0.032402,
    "n_actions": 1.560976
}