{
    "0.05": 1.0,
    "0.01": 0.926829,
    "0.005": 0.926829,
    "0.001": 0.902439
}