id,distance,n_actions
0,0.010106,2
1,0.001099,1
2,0.011333,2
3,0.016898,3
4,0.004706,2
5,0.005441,1
6,0.011719,2
7,0.003443,1
8,0.005022,2
9,0.016431,2
10,0.035991,2
11,0.021034,2
12,0.016337,1
13,0.017858,3
14,0.005933,2
15,0.011062,1
16,0.001538,1
17,0.020147,1
