{
    "distance": 0.012005,
    "n_actions": 1.722222
}