{
    "distance": 0.075246,
    "n_actions": 2.561404
}