id,distance,n_actions
0,0.085317,2
1,0.070881,2
2,0.039135,2
3,0.076286,2
4,0.021689,2
5,0.047482,3
6,0.057129,2
7,0.084023,2
8,0.015736,3
9,0.045635,2
10,0.055556,1
11,0.035030,2
12,0.031062,2
13,0.067050,2
14,0.028941,2
15,0.055282,3
16,0.029762,2
17,0.039337,2
18,0.029625,2
19,0.017857,2
20,0.023399,3
21,0.048645,3
22,0.071429,2
23,0.065476,2
