{
    "distance": 0.047574,
    "n_actions": 2.166667
}