{
    "distance": 0.078501,
    "n_actions": 2.534483
}