{
    "distance": 0.035283,
    "n_actions": 1.779412
}