{
    "0.05": 0.073529,
    "0.01": 0.073529,
    "0.005": 0.073529,
    "0.001": 0.073529
}