{
    "distance": 0.007865,
    "n_actions": 1.116279
}