id,distance,n_actions
0,0.019706,1
1,0.049842,3
2,0.007937,3
3,0.007969,3
4,0.049508,3
5,0.107932,3
6,0.019836,1
7,0.050547,3
8,0.067096,3
9,0.008949,2
10,0.013523,1
11,0.067206,3
12,0.017312,3
13,0.014606,1
14,0.019981,1
15,0.050204,3
16,0.007104,3
17,0.014520,1
18,0.107868,3
19,0.050627,3
20,0.017737,3
21,0.049834,3
22,0.067742,3
23,0.014794,1
24,0.019706,1
25,0.007495,3
