{
    "distance": 0.035753,
    "n_actions": 2.346154
}