id,p
0,0.148190
1,0.148190
2,0.341598
3,0.433401
4,0.016816
5,0.341598
6,0.148190
7,0.537410
8,0.010961
9,0.199558
10,0.341598
11,0.263672
12,0.537410
13,0.537410
14,0.433401
15,0.025318
16,0.341598
17,0.537410
18,0.341598
19,0.054270
20,0.537410
21,0.937038
22,0.263672
23,0.861153
24,0.148190
25,0.341598
