id,p
0,0.000064
1,0.000000
2,0.033173
3,0.000008
4,0.000000
5,0.000000
6,0.045701
7,0.370703
8,0.000000
9,0.000408
