id,p
0,1.000000
1,0.000255
2,0.076075
3,0.004627
4,0.119763
5,0.076075
6,0.182057
7,0.015788
8,0.664751
9,1.000000
