{
    "0.05": 0.722222,
    "0.01": 0.685185,
    "0.005": 0.62963,
    "0.001": 0.611111
}