id,p
0,0.000000
1,0.000000
2,0.000000
3,0.000000
4,0.000000
5,0.000501
6,0.000000
7,0.000000
8,0.000501
9,0.000000
10,0.000317
11,0.000317
12,0.000000
13,0.000000
14,0.000001
15,0.000000
16,0.000000
17,0.000002
18,0.000000
19,0.000000
20,0.000000
21,0.000000
22,0.000317
23,0.000000
