{
    "distance": 0.05377,
    "n_actions": 1.916667
}