id,distance,n_actions
0,0.084907,2
1,0.061818,3
2,0.059387,2
3,0.041530,2
4,0.123616,3
5,0.051763,2
6,0.118384,3
7,0.023810,1
8,0.081076,2
9,0.069444,1
10,0.072171,2
11,0.057986,3
12,0.113300,2
13,0.032919,2
14,0.062392,3
15,0.069891,3
16,0.075707,3
17,0.018441,2
18,0.041246,2
19,0.019841,1
20,0.069034,2
21,0.038145,3
22,0.025803,2
23,0.039171,3
