{
    "distance": 0.076023,
    "n_actions": 2.113636
}