{
    "0.05": 0.670455,
    "0.01": 0.602273,
    "0.005": 0.579545,
    "0.001": 0.488636
}