{
    "distance": 0.015274,
    "n_actions": 3.473684
}