id,distance,n_actions
0,0.013817,4
1,0.016544,4
2,0.009066,3
3,0.018676,2
4,0.024855,4
5,0.016731,3
6,0.014300,3
7,0.018117,4
8,0.009823,3
9,0.005988,3
10,0.011675,4
11,0.007346,3
12,0.027484,4
13,0.023314,4
14,0.013999,3
15,0.025837,4
16,0.022411,4
17,0.006010,4
18,0.004212,3
