{
    "distance": 0.057276,
    "n_actions": 2.517241
}