{
    "distance": 0.087633,
    "n_actions": 1.174419
}