{
    "0.05": 0.639535,
    "0.01": 0.593023,
    "0.005": 0.593023,
    "0.001": 0.593023
}