{
    "distance": 0.053042,
    "n_actions": 1.772727
}