{
    "0.05": 0.761364,
    "0.01": 0.75,
    "0.005": 0.681818,
    "0.001": 0.670455
}