{
    "distance": 0.145078,
    "n_actions": 2.333333
}