{
    "distance": 0.027414,
    "n_actions": 1.761905
}