{
    "distance": 0.007309,
    "n_actions": 1.162791
}