{
    "distance": 0.056805,
    "n_actions": 2.149425
}