{
    "0.05": 0.827586,
    "0.01": 0.793103,
    "0.005": 0.781609,
    "0.001": 0.712644
}