id,distance,n_actions
0,0.042206,3
1,0.041993,3
2,0.087140,3
3,0.032939,3
4,0.035808,3
5,0.042785,3
6,0.035646,3
7,0.043079,3
8,0.035677,3
9,0.035623,3
10,0.042185,3
11,0.087373,3
12,0.035642,3
13,0.042360,3
14,0.035710,3
15,0.087183,3
16,0.087090,3
17,0.035367,3
18,0.087352,3
19,0.035849,3
20,0.042473,3
21,0.027457,2
22,0.035702,3
23,0.042060,3
24,0.042563,3
