id,p
0,0.996978
1,0.996978
2,0.996978
3,1.000000
4,0.996978
5,1.000000
6,0.996978
7,1.000000
8,0.996978
9,0.996978
10,0.996978
11,0.996978
12,0.996978
13,0.996978
14,0.996978
15,0.996978
16,0.996978
17,1.000000
18,1.000000
19,1.000000
20,0.996978
21,0.996978
22,0.996978
23,1.000000
24,0.996978
25,0.996978
