{
    "distance": 0.038152,
    "n_actions": 1.681818
}