{
    "0.05": 0.875,
    "0.01": 0.829545,
    "0.005": 0.818182,
    "0.001": 0.715909
}