{
    "distance": 0.034201,
    "n_actions": 2.132353
}