{
    "distance": 0.078591,
    "n_actions": 2.280702
}