{
    "0.05": 0.87037,
    "0.01": 0.833333,
    "0.005": 0.833333,
    "0.001": 0.833333
}