{
    "distance": 0.198258,
    "n_actions": 2.055556
}