{
    "0.05": 0.925926,
    "0.01": 0.907407,
    "0.005": 0.907407,
    "0.001": 0.907407
}