id,p
0,0.467224
1,0.467224
2,0.000002
3,0.125508
4,0.000000
5,0.125508
6,0.467224
7,0.065366
8,0.169380
9,1.000000
10,1.000000
11,0.788542
12,0.000000
13,0.224551
14,0.045947
15,0.373353
16,0.000007
17,0.065366
18,1.000000
19,0.571624
20,0.467224
21,0.681526
22,0.021533
23,0.788542
24,0.045947
