{
    "distance": 0.005702,
    "n_actions": 0.976744
}