{
    "0.05": 0.511628,
    "0.01": 0.325581,
    "0.005": 0.232558,
    "0.001": 0.023256
}