{
    "distance": 0.112145,
    "n_actions": 1.222222
}