{
    "0.05": 0.981481,
    "0.01": 0.962963,
    "0.005": 0.962963,
    "0.001": 0.962963
}