id,p
0,0.152938
1,0.054453
2,0.017011
3,0.030533
4,0.009105
5,0.017011
6,0.017011
7,0.000806
8,0.000002
9,0.054453
