id,p
0,0.999999
1,0.999999
2,0.999999
3,1.000000
4,1.000000
5,0.999063
6,0.999063
7,0.999063
8,0.097786
9,0.999999
