id,distance,n_actions
0,0.016063,3
1,0.063140,3
2,0.026634,3
3,0.078556,3
4,0.053622,4
5,0.000076,2
6,0.124316,3
7,0.124589,3
8,0.078539,3
9,0.124301,3
10,0.030868,3
11,0.123883,3
12,0.068145,3
13,0.068546,3
14,0.014593,3
15,0.124257,3
16,0.016088,3
17,0.016025,3
18,0.078697,3
19,0.124098,3
20,0.026452,3
21,0.026576,3
22,0.068294,3
23,0.062652,3
24,0.068243,3
25,0.030905,3
