id,p
0,1.000000
1,0.981826
2,1.000000
3,0.997346
4,0.939163
5,0.203703
6,0.543252
7,0.203703
8,0.999901
9,0.543252
10,0.939163
11,0.939163
12,1.000000
13,1.000000
14,1.000000
15,0.543252
16,1.000000
17,1.000000
18,1.000000
19,0.939163
20,1.000000
21,1.000000
22,1.000000
23,0.981826
24,1.000000
25,0.981826
