id,p
0,0.000112
1,0.000013
2,0.000017
3,0.000039
4,0.000112
5,0.000039
6,0.000112
7,0.000112
8,0.000112
9,0.000039
