id,distance,n_actions
0,0.022849,3
1,0.032902,4
2,0.021753,4
3,0.027819,4
4,0.034715,3
5,0.021465,4
6,0.019003,3
7,0.022459,3
8,0.022928,3
9,0.049706,4
