id,p
0,0.002175
1,0.305629
2,0.153306
3,0.000927
4,0.020372
5,0.069921
6,0.000927
7,0.000130
8,0.000021
9,0.002175
