id,p
0,0.249273
1,0.023776
2,0.357062
3,0.357062
4,0.007183
5,0.000415
6,0.999306
7,0.000079
8,0.983959
9,0.003731
