{
    "distance": 0.040984,
    "n_actions": 1.772727
}