{
    "0.05": 0.704545,
    "0.01": 0.590909,
    "0.005": 0.568182,
    "0.001": 0.443182
}