id,distance,n_actions
0,0.005323,3
1,0.012604,3
2,0.009066,3
3,0.018676,2
4,0.021549,3
5,0.010531,4
6,0.003997,4
7,0.002306,3
8,0.009824,4
9,0.005988,3
10,0.014500,3
11,0.007346,3
12,0.020043,3
13,0.031091,3
14,0.006961,3
15,0.004882,3
16,0.006319,3
17,0.006010,4
18,0.004212,3
