{
    "distance": 0.010591,
    "n_actions": 3.157895
}