{
    "distance": 0.035223,
    "n_actions": 1.434783
}