id,distance,n_actions
0,0.012015,1
1,0.008734,3
2,0.025201,1
3,0.011868,1
4,0.019341,1
5,0.005619,3
6,0.023004,1
7,0.018755,1
8,0.030695,2
9,0.000879,1
10,0.005275,1
11,0.000000,0
12,0.006967,3
13,0.015238,1
14,0.023590,1
15,0.003663,1
16,0.028716,2
17,0.021685,1
18,0.019634,1
