{
    "distance": 0.014783,
    "n_actions": 1.368421
}