{
    "distance": 0.030108,
    "n_actions": 1.769231
}