id,distance,n_actions
0,0.008135,2
1,0.022157,8
2,0.024868,2
3,0.023598,2
4,0.014061,3
5,0.063874,3
6,0.035600,4
7,0.090229,3
8,0.228487,8
9,0.028552,3
10,0.040903,3
11,0.023780,2
12,0.119660,4
13,0.089060,3
14,0.073093,3
15,0.023904,3
16,0.026641,2
17,0.000138,2
18,0.022253,8
19,0.145411,7
20,0.088958,4
21,0.075367,3
22,0.025555,2
23,0.023572,3
24,0.048826,4
