id,p
0,0.388957
1,0.000000
2,0.000010
3,0.024139
4,0.000120
5,0.001054
6,0.000010
7,0.483629
8,0.000000
9,0.134527
10,0.050522
11,0.071234
12,0.237127
13,0.035223
14,0.180169
15,0.024139
16,0.000019
17,0.000000
18,0.000000
19,0.001738
20,0.071234
21,0.180169
22,0.001738
23,0.024139
24,0.007005
