{
    "distance": 0.06201,
    "n_actions": 2.293103
}