{
    "distance": 0.255663,
    "n_actions": 2.407767
}