{
    "distance": 0.033923,
    "n_actions": 2.42029
}