{
    "0.05": 1.0,
    "0.01": 0.985507,
    "0.005": 0.985507,
    "0.001": 0.985507
}