id,p
0,0.000002
1,0.002175
2,0.000142
3,0.000002
4,0.007358
5,0.000374
6,0.000927
7,0.000374
8,0.000460
9,0.023764
