id,distance,n_actions
0,0.074325,4
1,0.033694,3
2,0.043344,4
3,0.041593,4
4,0.036223,5
5,0.038488,4
6,0.041440,3
7,0.017453,3
8,0.067082,5
9,0.042626,4
