id,p
0,0.479622
1,0.982419
2,0.982419
3,0.982419
4,0.632858
5,0.788036
6,0.982419
7,0.999194
8,0.788036
9,0.982419
