{
    "distance": 0.068398,
    "n_actions": 2.791667
}