id,p
0,0.000004
1,0.000007
2,0.125456
3,0.000000
4,0.000000
5,0.046031
6,0.000000
7,0.000002
8,0.000000
9,0.000000
10,0.000000
11,0.000000
12,0.014443
13,0.007627
14,0.000000
15,0.000001
16,0.000000
17,0.000000
18,0.000000
19,0.000001
20,0.000000
21,0.000000
22,0.000000
23,1.000000
