{
    "distance": 0.046968,
    "n_actions": 2.458333
}