id,distance,n_actions
0,0.026392,3
1,0.045261,3
2,0.051224,2
3,0.034500,3
4,0.070363,3
5,0.057969,2
6,0.058170,2
7,0.060335,2
8,0.057359,2
9,0.020734,2
10,0.050237,2
11,0.049833,2
12,0.021884,2
13,0.059751,2
14,0.012334,2
15,0.034657,4
16,0.021794,2
17,0.043007,3
18,0.088074,3
19,0.058108,2
20,0.048735,3
21,0.048215,3
22,0.020407,2
23,0.087886,3
