id,p
0,0.000866
1,0.571624
2,0.065366
3,0.292314
4,0.373353
5,0.031733
6,0.000294
7,0.000000
8,0.292314
9,0.125508
10,0.031733
11,0.031733
12,0.000294
13,0.000051
14,0.021533
15,0.125508
16,0.000000
17,0.021533
18,0.292314
19,0.006049
20,0.467224
21,0.467224
22,0.224551
23,0.014356
