{
    "0.05": 0.541667,
    "0.01": 0.291667,
    "0.005": 0.25,
    "0.001": 0.25
}