{
    "distance": 0.035143,
    "n_actions": 1.928571
}