{
    "0.05": 0.785714,
    "0.01": 0.785714,
    "0.005": 0.690476,
    "0.001": 0.666667
}