{
    "distance": 0.032664,
    "n_actions": 1.642857
}