{
    "0.05": 0.386364,
    "0.01": 0.375,
    "0.005": 0.352273,
    "0.001": 0.215909
}