id,distance,n_actions
0,0.042932,4
1,0.014706,3
2,0.032143,2
3,0.027429,3
4,0.063837,4
5,0.009644,3
6,0.020122,4
7,0.037653,4
8,0.019633,3
9,0.012532,4
