id,p
0,0.002371
1,0.986653
2,0.813281
3,0.513012
4,0.119763
5,0.513012
6,0.928437
7,0.076075
8,0.004627
9,1.000000
