{
    "distance": 0.35853,
    "n_actions": 2.893204
}