id,distance,n_actions
0,0.013787,3
1,0.022393,2
2,0.047926,3
3,0.008895,1
4,0.039126,2
5,0.057071,2
6,0.008443,2
7,0.040913,2
8,0.023432,2
9,0.020964,1
10,0.037464,3
11,0.014540,1
12,0.048428,3
13,0.023950,2
14,0.000026,1
15,0.020964,1
16,0.049156,3
17,0.040017,2
18,0.000026,1
19,0.040199,2
20,0.044490,3
21,0.010604,3
22,0.020964,1
23,0.040289,2
24,0.002364,2
