id,p
0,0.000000
1,0.047450
2,0.000055
3,0.000317
4,0.577130
5,0.014975
6,0.297069
7,0.006357
8,0.067300
9,0.014975
10,0.128496
11,0.884467
12,0.000926
13,0.128496
14,0.000547
15,0.014975
16,0.000181
17,0.128496
18,0.093806
19,0.297069
20,0.093806
21,0.000317
22,0.128496
23,0.067300
24,0.002514
