id,distance,n_actions
0,0.002268,1
1,0.067810,2
2,0.055556,1
3,0.060091,1
4,0.022676,1
5,0.041667,1
6,0.047619,1
7,0.044218,1
8,0.060107,2
9,0.035714,1
10,0.035147,1
11,0.027211,1
12,0.095355,2
13,0.048753,1
14,0.053288,1
15,0.007937,1
16,0.020408,1
17,0.029478,1
18,0.048753,1
19,0.048203,2
20,0.037415,1
21,0.006803,1
22,0.019274,1
23,0.067227,2
