{
    "distance": 0.040957,
    "n_actions": 1.208333
}