{
    "distance": 0.294845,
    "n_actions": 2.543689
}