{
    "0.05": 0.621359,
    "0.01": 0.621359,
    "0.005": 0.621359,
    "0.001": 0.621359
}