id,p
0,0.000000
1,0.000000
2,0.017796
3,0.000025
4,0.000000
5,0.000007
6,0.000013
7,0.066564
8,0.000004
9,0.000000
10,0.000000
11,0.000000
12,0.000004
13,0.000002
14,0.000004
15,0.000007
16,0.000000
17,0.000001
18,0.000000
19,0.001201
20,0.000007
21,0.000000
22,0.000004
23,0.000000
24,0.000028
