id,distance,n_actions
0,0.023959,3
1,0.023346,3
2,0.087135,3
3,0.026167,3
4,0.016218,3
5,0.028428,3
6,0.009419,3
7,0.043073,3
8,0.020352,3
9,0.010423,3
10,0.021592,3
11,0.065301,3
12,0.020263,3
13,0.026412,3
14,0.021478,3
15,0.065874,3
16,0.056912,3
17,0.035043,4
18,0.057363,3
19,0.035844,3
20,0.027273,3
21,0.054644,3
22,0.020221,3
23,0.022194,3
24,0.027182,3
