id,p
0,0.212021
1,0.212021
2,0.000020
3,0.000232
4,1.000000
5,0.084217
6,0.000232
7,0.000000
8,0.158713
9,0.000071
10,0.278012
11,0.943206
12,0.158713
13,0.871642
14,0.212021
15,0.450478
16,0.943206
17,0.000000
18,0.005182
19,0.000000
20,0.059708
21,0.084217
22,0.158713
23,0.084217
24,0.084217
