id,p
0,
1,0.000000
2,0.000000
3,0.000000
4,
5,0.000000
6,
7,0.000000
8,0.000000
9,0.000000
10,0.000000
11,
12,
13,0.000000
14,0.000000
15,0.000000
16,
17,0.000000
