id,distance,n_actions
0,0.000000,1
1,0.000002,1
2,0.011176,2
3,0.029799,2
4,0.010747,2
5,0.014894,3
6,0.016130,2
7,0.012162,1
8,0.020651,2
9,0.004215,2
10,0.020192,3
11,0.000000,1
12,0.035075,4
13,0.028571,1
14,0.000000,1
15,0.013253,3
16,0.040802,2
17,0.015110,2
