{
    "distance": 0.015154,
    "n_actions": 1.944444
}