{
    "0.05": 0.888889,
    "0.01": 0.888889,
    "0.005": 0.888889,
    "0.001": 0.888889
}