{
    "distance": 0.06774,
    "n_actions": 2.241379
}