{
    "distance": 0.037322,
    "n_actions": 1.693182
}