id,p
0,0.000134
1,0.000018
2,0.293467
3,0.000004
4,0.045701
5,0.000134
6,0.000000
7,0.000000
8,0.000354
9,0.420624
