id,distance,n_actions
0,0.032213,3
1,0.046497,3
2,0.030128,2
3,0.038843,3
4,0.035256,2
5,0.035820,3
6,0.036419,3
7,0.040346,3
8,0.039744,2
9,0.030769,2
