id,p
0,0.000213
1,0.000096
2,0.000457
3,0.000017
4,0.000001
5,0.000457
6,0.006823
7,0.000007
8,0.000946
9,0.000007
