id,distance,n_actions
0,0.121793,4
1,0.021178,2
2,0.054102,2
3,0.020056,2
4,0.013041,2
5,0.054316,2
6,0.069924,4
7,0.069671,4
8,0.021288,2
9,0.000937,3
10,0.075139,4
11,0.086909,3
12,0.046144,3
13,0.085642,3
14,0.055338,2
15,0.020132,2
16,0.085939,3
17,0.069532,4
18,0.075113,4
19,0.054714,2
20,0.019088,2
21,0.069747,2
22,0.070404,4
23,0.019531,2
24,0.085380,3
