id,p
0,0.478199
1,0.691700
2,0.887478
3,0.478199
4,0.887478
5,0.952209
6,0.887478
7,0.096259
8,0.582581
9,1.000000
10,0.131502
11,0.232931
12,0.691700
13,0.232931
14,0.887478
15,0.887478
16,0.006676
17,0.887478
18,0.478199
19,0.887478
20,0.582581
21,0.478199
22,0.096259
23,0.797056
24,0.478199
