{
    "distance": 0.080285,
    "n_actions": 2.916667
}