id,distance,n_actions
0,0.047357,3
1,0.093864,3
2,0.053026,3
3,0.082533,3
4,0.069478,3
5,0.085121,3
6,0.087085,3
7,0.067810,3
8,0.100057,2
9,0.073446,3
10,0.049320,2
11,0.108778,3
12,0.033512,3
13,0.036892,3
14,0.061006,3
15,0.070045,3
16,0.075179,3
17,0.142181,3
18,0.078907,3
19,0.053305,3
20,0.135880,3
21,0.114546,3
22,0.074656,3
23,0.132849,3
