id,p
0,0.000112
1,0.000011
2,0.000001
3,0.000000
4,0.000000
5,0.000001
6,0.000000
7,0.000007
8,0.000000
9,0.000000
10,0.000000
11,0.000000
12,0.000399
13,0.000007
14,0.000001
15,0.000000
16,0.000001
17,0.000000
18,0.000001
19,0.000011
20,0.000000
21,0.000001
22,0.000000
23,0.000000
