{
    "distance": 0.035951,
    "n_actions": 1.942029
}