{
    "0.05": 0.84058,
    "0.01": 0.811594,
    "0.005": 0.797101,
    "0.001": 0.753623
}