{
    "distance": 0.022021,
    "n_actions": 1.095238
}