id,p
0,0.000000
1,0.194628
2,0.000000
3,0.000000
4,0.000000
5,0.000000
6,0.000000
7,0.000000
8,0.306655
9,1.000000
10,0.023708
11,0.000000
12,0.000000
13,0.055140
14,0.000000
15,0.000000
16,0.000000
17,1.000000
18,0.000000
19,0.000000
20,0.000000
21,1.000000
22,0.000000
23,0.000000
24,1.000000
25,0.000000
26,0.000000
27,0.000000
28,0.000000
29,0.000000
30,0.000000
31,0.000000
32,0.000000
33,0.637437
34,0.914891
35,0.000000
36,0.000000
37,0.000011
38,0.637437
39,0.637437
40,0.000000
41,0.000000
