{
    "distance": 0.014746,
    "n_actions": 3.473684
}