id,distance,n_actions
0,0.005323,3
1,0.016544,4
2,0.029662,4
3,0.012760,1
4,0.021549,3
5,0.016731,4
6,0.003997,4
7,0.018117,4
8,0.009823,3
9,0.005988,4
10,0.014500,3
11,0.005280,3
12,0.020043,3
13,0.023314,4
14,0.006961,3
15,0.025837,4
16,0.022411,4
17,0.006010,4
18,0.015326,4
