id,p
0,1.000000
1,0.543252
2,1.000000
3,0.439130
4,1.000000
5,1.000000
6,1.000000
7,0.997346
8,0.981826
9,1.000000
10,1.000000
11,1.000000
12,1.000000
13,1.000000
14,1.000000
15,0.997346
16,1.000000
17,1.000000
18,1.000000
19,1.000000
20,0.543252
21,1.000000
22,1.000000
23,1.000000
24,1.000000
25,1.000000
