{
    "0.05": 0.721739,
    "0.01": 0.721739,
    "0.005": 0.721739,
    "0.001": 0.426087
}