{
    "distance": 0.028558,
    "n_actions": 1.833333
}