{
    "0.05": 0.857143,
    "0.01": 0.809524,
    "0.005": 0.761905,
    "0.001": 0.761905
}