id,p
0,0.000000
1,0.000000
2,0.000000
3,0.000000
4,0.000000
5,0.081314
6,0.009320
7,1.000000
8,0.000000
9,0.007277
10,0.000000
11,0.000000
12,0.067148
13,0.000000
14,1.000000
15,0.000000
16,0.000000
17,0.000241
18,0.018931
19,0.000000
20,0.000000
21,0.000000
22,0.000000
23,0.139622
24,0.000000
25,0.000000
26,0.023708
27,0.000330
28,0.000000
29,0.000000
30,0.067148
31,0.000000
32,0.000000
33,0.000000
34,0.000000
35,0.000000
36,0.000000
37,0.000000
38,0.000000
39,0.000000
40,0.000000
41,0.000000
