id,p
0,1.000000
1,1.000000
2,1.000000
3,0.999306
4,0.999306
5,1.000000
6,1.000000
7,1.000000
8,1.000000
9,1.000000
