{
    "distance": 0.056244,
    "n_actions": 2.538462
}