id,p
0,0.000000
1,0.000014
2,0.000000
3,0.000025
4,0.000000
5,0.000001
6,0.000000
7,0.000000
8,0.000014
9,0.001154
10,0.000000
11,0.000000
12,0.000386
13,0.000000
14,0.000000
15,0.000476
16,0.106445
17,0.045149
18,0.000000
19,0.000000
20,0.000000
21,0.000000
22,0.000300
23,0.000000
