id,distance,n_actions
0,0.002268,1
1,0.041667,1
2,0.055556,1
3,0.060091,1
4,0.022676,1
5,0.041667,1
6,0.047619,1
7,0.044218,1
8,0.053571,1
9,0.035714,1
10,0.035147,1
11,0.027211,1
12,0.049603,1
13,0.066893,1
14,0.053288,1
15,0.046802,2
16,0.040266,2
17,0.087885,2
18,0.048753,1
19,0.041667,1
20,0.037415,1
21,0.029762,1
22,0.038866,2
23,0.047619,1
