{
    "distance": 0.044009,
    "n_actions": 1.166667
}