{
    "distance": 0.00395,
    "n_actions": 0.976744
}