{
    "0.05": 0.255814,
    "0.01": 0.232558,
    "0.005": 0.023256,
    "0.001": 0.0
}