{
    "distance": 0.012135,
    "n_actions": 1.790698
}