{
    "distance": 0.031941,
    "n_actions": 1.710145
}