{
    "distance": 0.015871,
    "n_actions": 1.017391
}