{
    "0.05": 0.740741,
    "0.01": 0.648148,
    "0.005": 0.648148,
    "0.001": 0.592593
}