{
    "distance": 0.018455,
    "n_actions": 2.277778
}