{
    "distance": 0.025782,
    "n_actions": 1.365854
}