{
    "0.05": 0.97561,
    "0.01": 0.97561,
    "0.005": 0.97561,
    "0.001": 0.97561
}