{
    "0.05": 0.111111,
    "0.01": 0.111111,
    "0.005": 0.111111,
    "0.001": 0.111111
}