{
    "distance": 0.313651,
    "n_actions": 2.666667
}