id,p
0,0.011526
1,0.000460
2,0.005571
3,0.005571
4,0.000023
5,0.005571
6,0.000008
7,0.021967
8,0.001114
9,0.000460
