id,distance,n_actions
0,0.024524,3
1,0.029615,3
2,0.027367,4
3,0.031124,4
4,0.014072,4
5,0.008054,3
6,0.042100,4
7,0.016019,4
8,0.022928,4
9,0.013787,3
