id,p
0,0.923938
1,0.985367
2,0.985367
3,0.367436
4,1.000000
5,1.000000
6,0.999402
7,0.999402
8,0.923938
9,0.999402
