{
    "distance": 0.340962,
    "n_actions": 2.951456
}