{
    "distance": 0.048343,
    "n_actions": 2.083333
}