id,distance,n_actions
0,0.051314,2
1,0.076531,2
2,0.054705,2
3,0.037982,2
4,0.017007,2
5,0.026722,3
6,0.018072,3
7,0.055419,2
8,0.031961,3
9,0.078798,2
10,0.057755,3
11,0.069728,2
12,0.063424,2
13,0.040748,3
14,0.020907,3
15,0.039683,1
16,0.064076,2
17,0.036281,2
18,0.049603,1
19,0.006451,2
20,0.065476,1
21,0.056139,2
22,0.062092,2
23,0.079365,1
