id,p
0,0.000000
1,0.000000
2,0.002632
3,0.000000
4,0.000000
5,0.000001
6,0.567620
7,0.000000
8,0.014101
9,0.000000
10,0.000001
11,0.000000
12,0.000000
13,0.000000
14,0.000027
15,0.000000
16,0.000000
17,0.000000
18,0.000000
19,0.000027
20,0.000000
21,0.000000
22,0.000000
23,0.000000
