id,distance,n_actions
0,0.014647,4
1,0.021813,4
2,0.014659,4
3,0.021008,4
4,0.152940,4
5,0.152860,4
6,0.014215,4
7,0.152616,4
8,0.020665,4
9,0.069563,4
10,0.003901,3
11,0.070769,4
12,0.151114,4
13,0.020742,4
14,0.020883,4
15,0.014218,4
16,0.004148,3
17,0.015317,4
18,0.004445,4
19,0.151898,4
20,0.152442,4
21,0.020701,4
22,0.014878,4
23,0.019988,4
24,0.151431,4
25,0.151515,4
