{
    "distance": 0.061668,
    "n_actions": 3.923077
}