{
    "distance": 0.051592,
    "n_actions": 1.833333
}