id,p
0,0.000000
1,0.000000
2,0.078711
3,0.000000
4,0.000000
5,0.000000
6,0.000000
7,0.003991
8,0.000000
9,0.000012
10,0.000048
11,0.000000
12,0.000000
13,0.000000
14,0.000000
15,0.000622
16,0.000000
17,0.000000
18,0.002806
19,0.000000
20,0.000000
21,0.000000
22,0.000000
23,0.000000
