{
    "distance": 0.061665,
    "n_actions": 2.306818
}