{
    "0.05": 0.897727,
    "0.01": 0.897727,
    "0.005": 0.875,
    "0.001": 0.852273
}