id,distance,n_actions
0,0.022078,2
1,0.021178,2
2,0.067715,2
3,0.039899,2
4,0.046065,3
5,0.043868,3
6,0.047218,3
7,0.046818,3
8,0.041045,2
9,0.000937,3
10,0.053478,3
11,0.086909,3
12,0.046144,3
13,0.021643,2
14,0.044150,3
15,0.001449,4
16,0.085939,3
17,0.046759,3
18,0.053379,3
19,0.023802,3
20,0.019088,2
21,0.055037,2
22,0.037806,2
23,0.001545,3
24,0.009694,2
