{
    "distance": 0.041067,
    "n_actions": 1.190476
}