id,distance,n_actions
0,0.001989,1
1,0.008233,1
2,0.031290,1
3,0.002624,1
4,0.002578,3
5,0.001927,1
6,0.004383,1
7,0.030143,1
8,0.002769,1
9,0.001368,1
10,0.001113,1
11,0.045442,5
12,0.006656,5
13,0.008122,1
14,0.050901,4
15,0.010384,1
16,0.031326,1
17,0.030346,1
18,0.000625,1
19,0.008471,1
20,0.000949,1
21,0.000510,1
22,0.064922,5
23,0.008005,1
24,0.064265,5
