id,p
0,1.000000
1,0.169380
2,1.000000
3,1.000000
4,0.000000
5,1.000000
6,1.000000
7,1.000000
8,1.000000
9,1.000000
10,1.000000
11,0.000000
12,0.000000
13,0.091375
14,0.000001
15,0.000027
16,1.000000
17,1.000000
18,1.000000
19,0.045947
20,0.467224
21,0.467224
22,0.000000
23,0.065366
24,0.000000
