{
    "distance": 0.036301,
    "n_actions": 1.619048
}