id,p
0,0.000068
1,0.000035
2,0.000035
3,0.000035
4,0.000035
5,0.000035
6,0.000035
7,0.000035
8,0.000035
9,0.000035
10,0.000068
11,0.000035
12,0.000035
13,0.000035
14,0.000035
15,0.000035
16,0.000035
17,0.000035
18,0.000035
19,0.000035
20,0.000035
21,0.000035
22,0.000068
23,0.000035
24,0.000035
25,0.000035
