id,distance,n_actions
0,0.009456,1
1,0.013168,1
2,0.013697,1
3,0.000660,1
4,0.001212,1
5,0.001216,1
6,0.000310,1
7,0.012949,1
8,0.013211,1
9,0.000055,1
10,0.009917,1
11,0.000454,1
12,0.019449,1
13,0.012375,1
14,0.000922,1
15,0.000704,1
16,0.000288,1
17,0.013857,1
18,0.029780,1
19,0.000388,1
20,0.001849,1
21,0.000659,1
22,0.008763,1
23,0.013044,1
24,0.000603,1
25,0.031130,1
