{
    "distance": 0.121129,
    "n_actions": 1.222222
}