{
    "distance": 0.044536,
    "n_actions": 2.534483
}