id,p
0,0.000142
1,0.000374
2,0.000927
3,0.000142
4,0.001762
5,0.000142
6,0.000927
7,0.000142
8,0.000374
9,0.000460
