id,distance,n_actions
0,0.074325,4
1,0.049335,4
2,0.028035,2
3,0.041593,4
4,0.036223,5
5,0.038488,4
6,0.041440,3
7,0.027192,4
8,0.006325,3
9,0.049698,5
