id,p
0,0.103150
1,0.914112
2,0.914112
3,0.346614
4,0.479622
5,0.999194
6,0.982419
7,0.999194
8,0.982419
9,0.914112
