{
    "distance": 0.05253,
    "n_actions": 2.068966
}