{
    "distance": 0.005237,
    "n_actions": 1.116279
}