{
    "0.05": 0.162791,
    "0.01": 0.162791,
    "0.005": 0.162791,
    "0.001": 0.162791
}