{
    "distance": 0.024951,
    "n_actions": 1.309524
}