{
    "0.05": 0.595238,
    "0.01": 0.595238,
    "0.005": 0.595238,
    "0.001": 0.595238
}