{
    "0.05": 0.295455,
    "0.01": 0.136364,
    "0.005": 0.068182,
    "0.001": 0.022727
}