id,p
0,0.046271
1,0.023764
2,0.000000
3,0.000000
4,0.000000
5,0.000122
6,0.000085
7,0.000000
8,0.000246
9,0.000010
