id,distance,n_actions
0,0.044080,3
1,0.040488,2
2,0.023190,2
3,0.038690,2
4,0.025037,4
5,0.025017,2
6,0.043509,3
7,0.033553,3
8,0.039090,3
9,0.036709,3
