id,p
0,0.000640
1,0.001329
2,1.000000
3,0.000133
4,1.000000
5,0.000024
6,0.000009
7,1.000000
8,0.000001
9,0.002657
