{
    "distance": 0.030543,
    "n_actions": 1.761905
}