id,p
0,0.000000
1,0.000000
2,0.007358
3,0.000000
4,0.000354
5,0.000000
6,0.000000
7,0.000000
8,0.000000
9,0.000008
