id,distance,n_actions
0,0.047730,3
1,0.030684,3
2,0.030128,2
3,0.038843,3
4,0.035256,2
5,0.031156,3
6,0.036419,3
7,0.040346,3
8,0.027050,3
9,0.030769,2
