id,p
0,0.142948
1,0.211521
2,0.555074
3,0.093486
4,0.059172
5,0.093486
6,0.021477
7,0.093486
8,0.943999
9,0.555074
