{
    "distance": 0.018747,
    "n_actions": 1.526316
}