id,distance,n_actions
0,0.012015,1
1,0.020220,1
2,0.025201,1
3,0.011868,1
4,0.019341,1
5,0.022857,1
6,0.023004,1
7,0.018755,1
8,0.005290,3
9,0.018716,3
10,0.032297,3
11,0.020977,3
12,0.020513,1
13,0.015238,1
14,0.023590,1
15,0.003663,1
16,0.021331,3
17,0.021685,1
18,0.019634,1
