{
    "distance": 0.044405,
    "n_actions": 2.034483
}