{
    "distance": 0.009043,
    "n_actions": 1.418605
}