id,p
0,0.000000
1,0.000000
2,0.000489
3,0.000000
4,0.019754
5,0.000011
6,0.000030
7,0.000000
8,0.000000
9,0.010333
