id,distance,n_actions
0,0.063444,3
1,0.071144,3
2,0.038164,2
3,0.033983,4
4,0.035145,2
5,0.042238,3
6,0.050051,3
7,0.038570,3
8,0.035597,2
9,0.045949,2
