id,p
0,0.000297
1,0.000297
2,0.000004
3,0.017117
4,0.000024
5,0.000297
6,0.009534
7,0.002657
8,0.009534
9,0.189370
