{
    "distance": 0.295887,
    "n_actions": 2.703704
}