{
    "0.05": 0.796296,
    "0.01": 0.722222,
    "0.005": 0.703704,
    "0.001": 0.666667
}