{
    "distance": 0.066526,
    "n_actions": 1.52381
}