{
    "0.05": 1.0,
    "0.01": 0.952381,
    "0.005": 0.952381,
    "0.001": 0.952381
}