{
    "distance": 0.044706,
    "n_actions": 1.886364
}