{
    "distance": 0.038505,
    "n_actions": 1.735294
}