{
    "distance": 0.131163,
    "n_actions": 1.777778
}