{
    "distance": 0.335623,
    "n_actions": 2.903846
}