{
    "0.05": 0.884615,
    "0.01": 0.884615,
    "0.005": 0.865385,
    "0.001": 0.865385
}