id,p
0,0.011512
1,0.005842
2,0.021708
3,0.002835
4,0.021708
5,0.000582
6,0.000000
7,0.021708
8,0.160406
9,0.021708
