id,p
0,1.000000
1,1.000000
2,1.000000
3,0.999402
4,1.000000
5,0.805191
6,0.985367
7,1.000000
8,1.000000
9,1.000000
