{
    "distance": 0.104798,
    "n_actions": 1.186047
}