{
    "distance": 0.229766,
    "n_actions": 2.351852
}