{
    "0.05": 0.925926,
    "0.01": 0.833333,
    "0.005": 0.796296,
    "0.001": 0.648148
}