{
    "distance": 0.026942,
    "n_actions": 1.014493
}