{
    "0.05": 0.014493,
    "0.01": 0.014493,
    "0.005": 0.014493,
    "0.001": 0.014493
}