{
    "distance": 0.107837,
    "n_actions": 1.186047
}