{
    "distance": 0.148469,
    "n_actions": 1.229167
}