{
    "distance": 0.207351,
    "n_actions": 2.097087
}