{
    "distance": 0.011151,
    "n_actions": 0.813953
}