{
    "0.05": 0.534884,
    "0.01": 0.534884,
    "0.005": 0.534884,
    "0.001": 0.511628
}