id,p
0,0.000374
1,0.010186
2,0.120163
3,0.020372
4,0.023764
5,0.000006
6,0.125657
7,0.000002
8,0.000000
9,0.000002
