id,distance,n_actions
0,0.074325,4
1,0.042889,3
2,0.043344,4
3,0.041593,4
4,0.022443,3
5,0.038488,4
6,0.020917,5
7,0.027192,4
8,0.044658,4
9,0.019309,3
