id,p
0,0.012171
1,0.479622
2,0.103150
3,0.021967
4,0.103150
5,1.000000
6,0.003331
7,0.012171
8,0.982419
9,1.000000
