id,distance,n_actions
0,0.036855,3
1,0.054229,3
2,0.079476,3
3,0.051864,3
4,0.036406,3
5,0.025216,3
6,0.027275,3
7,0.024276,3
8,0.078975,3
9,0.079042,3
10,0.052198,3
11,0.079598,3
12,0.028055,3
13,0.025618,3
14,0.054365,3
15,0.050858,3
16,0.045903,3
17,0.078447,3
18,0.026843,3
19,0.046575,3
20,0.053057,3
21,0.026195,3
22,0.027220,3
23,0.029030,3
24,0.079962,3
