{
    "distance": 0.033561,
    "n_actions": 1.42029
}