{
    "0.05": 0.898551,
    "0.01": 0.898551,
    "0.005": 0.898551,
    "0.001": 0.884058
}