{
    "distance": 0.042274,
    "n_actions": 2.846154
}