id,p
0,0.410139
1,0.068378
2,0.845910
3,0.096799
4,0.244535
5,0.003490
6,0.134420
7,0.014038
8,0.000001
9,0.001250
10,0.320081
11,0.513485
12,0.513485
13,0.320081
14,0.183088
15,0.134420
16,0.032205
17,0.244535
18,0.626252
19,0.096799
20,0.000126
21,0.014038
22,0.000126
23,0.740899
24,0.244535
25,0.000126
