{
    "distance": 0.006442,
    "n_actions": 0.953488
}