{
    "distance": 0.042519,
    "n_actions": 2.166667
}