{
    "distance": 0.031147,
    "n_actions": 1.965909
}