{
    "0.05": 0.306818,
    "0.01": 0.306818,
    "0.005": 0.306818,
    "0.001": 0.306818
}