attribute,value
mspike,"(-inf, 0.7000000000000001>"
mspike,"(0.7000000000000001, 1.35>"
mspike,"(1.35, 1.95>"
mspike,"(1.95, inf)"
dxyr,"(-inf, 59.5>"
dxyr,"(59.5, 61.0>"
dxyr,"(61.0, 66.5>"
dxyr,"(66.5, 70.5>"
dxyr,"(70.5, inf)"
hgb,"(-inf, 9.95>"
hgb,"(9.95, 11.350000000000001>"
hgb,"(11.350000000000001, 13.25>"
hgb,"(13.25, 13.649999999999999>"
hgb,"(13.649999999999999, inf)"
age,"(-inf, 34.5>"
age,"(34.5, 55.5>"
age,"(55.5, 62.5>"
age,"(62.5, 65.5>"
age,"(65.5, 74.5>"
age,"(74.5, inf)"
