{
    "distance": 0.061817,
    "n_actions": 2.333333
}