id,p
0,0.000029
1,0.000886
2,0.000001
3,0.000000
4,0.000004
5,0.000000
6,0.000173
7,0.001890
8,0.000004
9,0.000000
10,0.000004
11,0.000173
12,0.000029
13,0.000001
14,0.000000
15,0.000002
16,0.000001
17,0.000029
18,0.000399
19,0.000001
20,0.000000
21,0.000072
22,0.001890
23,0.000886
