id,p
0,0.000000
1,0.000000
2,0.000000
3,0.000000
4,0.000000
5,0.000126
6,0.000231
7,0.000000
8,0.000000
9,0.000000
10,0.000000
11,0.000009
12,0.000000
13,0.000035
14,0.000000
15,0.000000
16,0.000000
17,0.000350
18,0.000000
19,0.000000
20,0.000413
21,0.127662
22,0.000001
23,0.000413
24,0.000726
25,0.000000
