id,distance,n_actions
0,0.090381,3
1,0.013168,1
2,0.026248,2
3,0.011510,2
4,0.001212,1
5,0.001216,1
6,0.000310,1
7,0.026269,2
8,0.013211,1
9,0.000055,1
10,0.042555,2
11,0.000454,1
12,0.019449,1
13,0.012375,1
14,0.011182,2
15,0.012979,2
16,0.000288,1
17,0.046421,3
18,0.029780,1
19,0.011141,2
20,0.001849,1
21,0.012561,3
22,0.008763,1
23,0.013044,1
24,0.000603,1
25,0.039101,2
