{
    "distance": 0.017159,
    "n_actions": 1.538462
}