id,p
0,0.980965
1,1.000000
2,0.000000
3,0.000000
4,0.997168
5,0.148190
6,1.000000
7,0.010961
8,1.000000
9,1.000000
10,0.025318
11,0.980965
12,1.000000
13,1.000000
14,0.000000
15,0.108008
16,0.980965
17,0.016816
18,0.997168
19,0.108008
20,0.980965
21,0.000028
22,1.000000
23,1.000000
24,0.148190
25,0.000322
