{
    "0.05": 0.307692,
    "0.01": 0.192308,
    "0.005": 0.192308,
    "0.001": 0.192308
}