id,distance,n_actions
0,0.008135,2
1,0.016582,4
2,0.140392,7
3,0.092867,6
4,0.021075,6
5,0.063874,3
6,0.054795,5
7,0.014912,2
8,0.143564,6
9,0.026463,3
10,0.089577,3
11,0.091155,3
12,0.126595,5
13,0.144170,6
14,0.088878,3
15,0.069786,3
16,0.026641,2
17,0.047785,3
18,0.022253,8
19,0.078486,3
20,0.088958,4
21,0.025715,3
22,0.025555,2
23,0.054236,4
24,0.070464,6
