id,p
0,0.000000
1,0.000000
2,0.058763
3,0.000408
4,0.000000
5,0.000956
6,0.003238
7,0.058763
8,0.000000
9,0.000023
