id,distance,n_actions
0,0.045965,3
1,0.041200,2
2,0.034186,3
3,0.028062,3
4,0.040172,3
5,0.039542,3
6,0.018932,3
7,0.035359,3
8,0.060867,3
9,0.027374,3
