id,p
0,0.928437
1,0.664751
2,0.000557
3,0.002371
4,0.664751
5,0.002371
6,0.664751
7,0.000112
8,0.928437
9,0.986653
