{
    "distance": 0.080937,
    "n_actions": 2.561404
}