{
    "0.05": 0.982456,
    "0.01": 0.964912,
    "0.005": 0.964912,
    "0.001": 0.964912
}