{
    "distance": 0.027852,
    "n_actions": 2.346154
}