id,distance,n_actions
0,0.005965,3
1,0.049842,3
2,0.007937,3
3,0.007969,3
4,0.049508,3
5,0.107932,3
6,0.019836,1
7,0.050547,3
8,0.005938,1
9,0.008949,2
10,0.008106,3
11,0.005952,1
12,0.014592,1
13,0.016579,3
14,0.005628,3
15,0.050204,3
16,0.013985,1
17,0.014520,1
18,0.107868,3
19,0.000405,1
20,0.017737,3
21,0.049834,3
22,0.067742,3
23,0.016884,3
24,0.005628,3
25,0.014072,1
