id,p
0,0.000565
1,0.000000
2,0.016816
3,0.000971
4,0.000000
5,0.000000
6,0.980965
7,0.000000
8,1.000000
9,0.002711
10,0.000099
11,1.000000
12,1.000000
13,0.000180
14,0.000015
15,0.000000
16,0.861153
17,1.000000
18,0.000000
19,0.108008
20,0.000180
21,0.000000
22,0.000000
23,0.000322
24,1.000000
25,0.997168
