{
    "0.05": 0.653846,
    "0.01": 0.615385,
    "0.005": 0.615385,
    "0.001": 0.576923
}