{
    "distance": 0.287325,
    "n_actions": 2.537037
}