{
    "0.05": 1.0,
    "0.01": 0.981481,
    "0.005": 0.962963,
    "0.001": 0.907407
}