{
    "0.05": 0.724638,
    "0.01": 0.536232,
    "0.005": 0.449275,
    "0.001": 0.15942
}