id,distance,n_actions
0,0.013787,3
1,0.023131,3
2,0.047926,3
3,0.013313,3
4,0.039126,2
5,0.057071,2
6,0.010960,2
7,0.047508,3
8,0.025378,3
9,0.027937,2
10,0.044223,3
11,0.027473,1
12,0.048428,3
13,0.025128,3
14,0.091267,3
15,0.028401,2
16,0.049156,3
17,0.040017,2
18,0.055696,2
19,0.046150,3
20,0.044490,3
21,0.010604,3
22,0.027941,2
23,0.047283,3
24,0.012067,3
