id,p
0,0.986246
1,1.000000
2,0.378576
3,0.999945
4,0.884467
5,0.686649
6,0.297069
7,0.577130
8,0.884467
9,0.577130
10,0.577130
11,1.000000
12,0.378576
13,0.950527
14,0.792839
15,0.297069
16,0.378576
17,0.686649
18,0.884467
19,0.792839
20,0.686649
21,0.999945
22,0.172963
23,0.378576
24,0.472731
