id,distance,n_actions
0,0.161695,2
1,0.164137,2
2,0.219780,2
3,0.227675,3
4,0.177334,2
5,0.043706,2
6,0.182695,2
7,0.225696,3
8,0.060056,2
9,0.052207,2
10,0.219674,3
11,0.052276,2
12,0.030798,2
13,0.185417,2
14,0.084818,2
15,0.189953,2
16,0.272572,3
17,0.024868,2
18,0.077067,2
19,0.031838,1
