{
    "0.05": 0.941176,
    "0.01": 0.720588,
    "0.005": 0.661765,
    "0.001": 0.602941
}