{
    "distance": 0.080143,
    "n_actions": 3.350877
}