{
    "0.05": 0.912281,
    "0.01": 0.859649,
    "0.005": 0.859649,
    "0.001": 0.842105
}