{
    "distance": 0.269792,
    "n_actions": 2.518519
}