{
    "0.05": 0.740741,
    "0.01": 0.611111,
    "0.005": 0.574074,
    "0.001": 0.574074
}