{
    "distance": 0.080987,
    "n_actions": 2.017544
}