{
    "distance": 0.026932,
    "n_actions": 1.414634
}