id,p
0,0.000000
1,0.020372
2,0.000000
3,0.000000
4,0.000002
5,0.000142
6,0.000018
7,0.000000
8,0.000000
9,0.000000
