id,distance,n_actions
0,0.043487,4
1,0.039099,4
2,0.040742,4
3,0.007680,2
4,0.051260,4
5,0.033099,4
6,0.042264,4
7,0.037653,4
8,0.012675,2
9,0.006627,2
