id,p
0,0.182057
1,0.027628
2,0.119763
3,0.513012
4,0.000008
5,0.377731
6,0.000255
7,0.986653
8,0.046661
9,0.267120
