{
    "distance": 0.006693,
    "n_actions": 0.976744
}