{
    "distance": 0.031115,
    "n_actions": 1.785714
}