id,distance,n_actions
0,0.005582,1
1,0.019096,1
2,0.013411,1
3,0.009329,1
4,0.001993,1
5,0.013848,1
6,0.006159,1
7,0.009184,1
8,0.009621,1
9,0.005539,1
10,0.021283,1
11,0.002504,1
12,0.004464,1
13,0.017784,1
14,0.006021,1
15,0.005394,1
16,0.002143,1
17,0.019679,1
18,0.015015,1
