id,p
0,0.036122
1,0.036122
2,0.036122
3,0.213675
4,0.036122
5,0.213675
6,0.036122
7,0.213675
8,0.036122
9,0.036122
