id,p
0,0.908753
1,0.999063
2,0.999063
3,1.000000
4,0.999063
5,1.000000
6,0.980733
7,0.980733
8,0.999063
9,0.778950
