{
    "distance": 0.03024,
    "n_actions": 1.880952
}