id,p
0,0.000000
1,0.009320
2,0.000000
3,0.000000
4,0.000000
5,0.000000
6,0.000000
7,0.000000
8,0.000000
9,0.000032
10,0.000000
11,0.139622
12,0.045027
13,0.000000
14,0.045027
15,0.000000
16,0.000000
17,0.000000
18,0.000000
19,0.000000
20,0.000000
21,0.000000
22,0.000000
23,0.456817
24,0.000000
25,0.000000
26,0.000016
27,0.009320
28,0.000000
29,0.000000
30,0.001100
31,0.000000
32,0.000000
33,0.000000
34,0.000000
35,0.000000
36,0.000000
37,0.000000
38,0.000000
39,0.000000
40,0.000000
41,0.000000
