id,distance,n_actions
0,0.024541,2
1,0.004101,2
2,0.006696,2
3,0.020555,2
4,0.022911,2
5,0.018897,2
6,0.005541,2
7,0.028461,2
8,0.006564,2
9,0.023287,2
10,0.005730,1
11,0.005828,2
12,0.017065,2
13,0.017089,2
14,0.017654,2
15,0.000899,1
16,0.018264,2
17,0.008922,2
