{
    "distance": 0.014056,
    "n_actions": 1.888889
}