{
    "distance": 0.149087,
    "n_actions": 1.208333
}