{
    "distance": 0.133175,
    "n_actions": 1.888889
}