id,p
0,0.012768
1,0.000011
2,0.000001
3,0.000001
4,0.000001
5,0.000001
6,0.000011
7,0.000001
8,0.000688
9,0.000001
