id,p
0,0.999999
1,0.999999
2,0.980733
3,0.999999
4,0.999999
5,1.000000
6,1.000000
7,0.999063
8,0.999999
9,1.000000
