id,p
0,0.000374
1,0.000374
2,0.231441
3,0.097786
4,0.000927
5,0.097786
6,0.097786
7,0.000927
8,0.000927
9,0.000927
