id,distance,n_actions
0,0.020123,3
1,0.021778,3
2,0.012241,2
3,0.034668,3
4,0.015286,2
5,0.004226,2
6,0.020729,2
7,0.037514,3
8,0.032313,3
9,0.048494,3
