id,p
0,0.999306
1,0.999999
2,0.999999
3,0.999999
4,1.000000
5,1.000000
6,0.999999
7,0.999306
8,0.999306
9,0.919168
