attribute,value
age,"(-inf, 16.3>"
age,"(16.3, 18.625>"
age,"(18.625, 20.055>"
age,"(20.055, 21.335>"
age,"(21.335, 30.810000000000002>"
age,"(30.810000000000002, 31.965>"
age,"(31.965, 33.760000000000005>"
age,"(33.760000000000005, 36.010000000000005>"
age,"(36.010000000000005, 36.315>"
age,"(36.315, 36.925>"
age,"(36.925, 39.925>"
age,"(39.925, 42.35>"
age,"(42.35, 42.82>"
age,"(42.82, 44.525>"
age,"(44.525, 49.09>"
age,"(49.09, 54.615>"
age,"(54.615, inf)"
trtgiven,{RT}
extranod,{N}
