{
    "distance": 0.040714,
    "n_actions": 1.808824
}