{
    "0.05": 0.944444,
    "0.01": 0.944444,
    "0.005": 0.944444,
    "0.001": 0.944444
}