{
    "distance": 0.013723,
    "n_actions": 1.833333
}