id,distance,n_actions
0,0.013741,2
1,0.004101,2
2,0.006696,2
3,0.020555,2
4,0.022911,2
5,0.018897,2
6,0.006949,2
7,0.028461,2
8,0.004864,2
9,0.023287,2
10,0.005730,1
11,0.008230,2
12,0.006352,1
13,0.017089,2
14,0.017654,2
15,0.001815,1
16,0.018264,2
17,0.021427,2
