{
    "distance": 0.07175,
    "n_actions": 2.37931
}