id,distance,n_actions
0,0.041508,3
1,0.048682,2
2,0.011858,2
3,0.009227,2
4,0.049953,3
5,0.041016,2
6,0.039849,2
7,0.070599,2
8,0.049586,3
9,0.037969,2
10,0.018698,1
11,0.011857,2
12,0.017854,1
13,0.049158,3
14,0.012115,2
15,0.094948,3
16,0.050398,3
17,0.011575,2
18,0.047447,2
19,0.017253,1
20,0.049337,2
21,0.049444,3
22,0.070112,2
23,0.039647,2
24,0.049559,3
25,0.013822,2
