{
    "distance": 0.038595,
    "n_actions": 2.192308
}