id,p
0,1.000000
1,1.000000
2,0.643622
3,0.999881
4,1.000000
5,0.999881
6,0.996978
7,0.934841
8,0.934841
9,0.999881
10,1.000000
11,0.531512
12,1.000000
13,0.999881
14,0.996978
15,1.000000
16,0.999881
17,0.531512
18,0.999881
19,1.000000
20,0.996978
21,0.996978
22,1.000000
23,1.000000
24,0.996978
25,0.996978
