{
    "distance": 0.044867,
    "n_actions": 1.095238
}