id,distance,n_actions
0,0.031397,1
1,0.107437,1
2,0.012657,1
3,0.014129,1
4,0.023646,1
5,0.159831,1
6,0.049189,2
7,0.020506,1
8,0.103186,2
9,0.036303,1
10,0.056515,1
11,0.007947,1
12,0.003140,1
13,0.007947,1
14,0.020506,1
15,0.014227,1
16,0.051805,1
17,0.073783,1
18,0.023646,1
19,0.065934,1
20,0.058477,1
