{
    "distance": 0.134342,
    "n_actions": 1.083333
}