{
    "0.05": 0.916667,
    "0.01": 0.916667,
    "0.005": 0.916667,
    "0.001": 0.916667
}