{
    "distance": 0.072958,
    "n_actions": 2.670455
}