{
    "0.05": 0.965909,
    "0.01": 0.931818,
    "0.005": 0.931818,
    "0.001": 0.931818
}