id,distance,n_actions
0,0.091443,3
1,0.061818,3
2,0.065923,3
3,0.041530,2
4,0.123616,3
5,0.043860,3
6,0.118384,3
7,0.042733,3
8,0.087611,3
9,0.102124,2
10,0.068020,3
11,0.057986,3
12,0.113300,2
13,0.032919,2
14,0.030655,3
15,0.069891,3
16,0.075707,3
17,0.018441,2
18,0.015736,2
19,0.019841,1
20,0.069034,2
21,0.038145,3
22,0.016183,3
23,0.039171,3
