id,p
0,0.000000
1,0.000002
2,0.000000
3,0.000019
4,0.000003
5,0.421168
6,0.000019
7,0.421168
8,0.000000
9,0.000000
10,0.935239
11,0.000002
12,0.000000
13,1.000000
14,0.026847
15,0.000000
16,0.000000
17,0.026847
18,0.026847
19,0.001954
20,0.000000
21,0.000276
22,0.935239
23,0.935239
