{
    "distance": 0.006028,
    "n_actions": 0.930233
}