{
    "distance": 0.072506,
    "n_actions": 1.104651
}