{
    "0.05": 0.988372,
    "0.01": 0.988372,
    "0.005": 0.988372,
    "0.001": 0.965116
}