id,p
0,0.000010
1,0.000000
2,0.000582
3,0.000030
4,0.000000
5,0.000224
6,0.000000
7,0.000085
8,0.000224
9,0.000001
