id,distance,n_actions
0,0.046940,4
1,0.051625,4
2,0.035119,2
3,0.073027,4
4,0.029036,2
5,0.038837,4
6,0.032422,2
7,0.032935,4
8,0.032741,4
9,0.036709,3
