id,p
0,0.000640
1,0.005124
2,0.000000
3,0.009534
4,1.000000
5,0.001329
6,0.000297
7,0.001329
8,0.001329
9,0.000000
