{
    "distance": 0.033679,
    "n_actions": 1.952381
}