{
    "distance": 0.005908,
    "n_actions": 1.023256
}