id,p
0,0.030533
1,0.213675
2,0.139317
3,0.010333
4,0.087350
5,0.213675
6,0.005166
7,0.010333
8,0.139317
9,0.005166
