id,distance,n_actions
0,0.015614,2
1,0.018083,2
2,0.005004,2
3,0.012810,2
4,0.005029,2
5,0.014133,2
6,0.018077,2
7,0.004596,2
8,0.010379,2
9,0.025162,2
