id,p
0,0.000006
1,0.000002
2,0.000956
3,0.002135
4,0.000001
5,0.000000
6,0.000008
7,0.001834
8,0.000002
9,0.000001
