id,distance,n_actions
0,0.001822,1
1,0.043842,2
2,0.034002,3
3,0.051682,4
4,0.028463,2
5,0.026614,2
6,0.020833,2
7,0.020191,2
8,0.037532,2
9,0.040069,2
