id,p
0,1.000000
1,0.040917
2,0.007183
3,0.000000
4,1.000000
5,0.919168
6,0.001866
7,0.919168
8,0.040917
9,0.007183
