{
    "distance": 0.293047,
    "n_actions": 2.574074
}