{
    "distance": 0.02989,
    "n_actions": 1.833333
}