id,distance,n_actions
0,0.047052,2
1,0.076531,2
2,0.058072,3
3,0.037982,2
4,0.027108,3
5,0.031076,3
6,0.130252,2
7,0.058123,2
8,0.043513,3
9,0.078798,2
10,0.055839,2
11,0.086563,3
12,0.107260,2
13,0.048933,3
14,0.022358,3
15,0.077098,2
16,0.064076,2
17,0.036281,2
18,0.072279,2
19,0.064076,2
20,0.067392,2
21,0.056139,2
22,0.062092,2
23,0.079365,1
