{
    "distance": 0.036439,
    "n_actions": 2.147059
}