{
    "0.05": 0.985294,
    "0.01": 0.985294,
    "0.005": 0.985294,
    "0.001": 0.985294
}