{
    "distance": 0.038814,
    "n_actions": 1.829268
}