{
    "0.05": 0.878049,
    "0.01": 0.878049,
    "0.005": 0.878049,
    "0.001": 0.878049
}