{
    "distance": 0.353365,
    "n_actions": 3.134615
}