{
    "0.05": 0.990385,
    "0.01": 0.980769,
    "0.005": 0.980769,
    "0.001": 0.980769
}