id,distance,n_actions
0,0.014527,2
1,0.021529,5
2,0.079552,3
3,0.069606,3
4,0.046515,3
5,0.015062,2
6,0.036260,4
7,0.124097,6
8,0.143564,6
9,0.089980,3
10,0.143297,6
11,0.091155,3
12,0.164876,7
13,0.089060,3
14,0.164702,7
15,0.069786,3
16,0.022498,2
17,0.047785,3
18,0.017240,4
19,0.124478,6
20,0.144789,7
21,0.087641,3
22,0.021857,2
23,0.069545,3
24,0.037452,4
