id,p
0,0.801194
1,0.007005
2,0.953836
3,0.998422
4,0.024139
5,0.696680
6,0.483629
7,0.098734
8,0.098734
9,0.010766
10,0.098734
11,0.587976
12,0.024139
13,0.987470
14,0.024139
15,0.998422
16,0.180169
17,0.004479
18,0.801194
19,0.024139
20,0.024139
21,0.004479
22,0.180169
23,0.987470
24,0.180169
