{
    "distance": 0.268483,
    "n_actions": 2.407407
}