id,distance,n_actions
0,0.014431,1
1,0.019096,1
2,0.018513,1
3,0.001320,1
4,0.012204,3
5,0.021429,1
6,0.005831,1
7,0.009475,1
8,0.006512,1
9,0.001594,3
10,0.012760,1
11,0.005796,3
12,0.024052,1
13,0.004459,1
14,0.018367,1
15,0.016035,1
16,0.021720,1
17,0.011172,3
18,0.010051,3
