{
    "distance": 0.012359,
    "n_actions": 1.526316
}