{
    "0.05": 0.842105,
    "0.01": 0.842105,
    "0.005": 0.842105,
    "0.001": 0.842105
}