{
    "distance": 0.084928,
    "n_actions": 2.210526
}