{
    "distance": 0.327839,
    "n_actions": 2.855769
}