{
    "0.05": 0.759615,
    "0.01": 0.75,
    "0.005": 0.75,
    "0.001": 0.740385
}