{
    "distance": 0.038993,
    "n_actions": 2.022727
}