{
    "0.05": 0.920455,
    "0.01": 0.897727,
    "0.005": 0.897727,
    "0.001": 0.840909
}