{
    "distance": 0.022797,
    "n_actions": 1.142857
}