{
    "0.05": 0.952381,
    "0.01": 0.904762,
    "0.005": 0.904762,
    "0.001": 0.833333
}