id,p
0,0.000000
1,0.003349
2,0.023708
3,0.000000
4,0.000001
5,0.000011
6,0.000000
7,0.194628
8,0.000821
9,0.000000
10,0.000000
11,0.000000
12,0.000000
13,0.000000
14,0.000000
15,0.000000
16,0.000000
17,0.000000
18,0.000000
19,0.000000
20,0.000000
21,0.000000
22,0.000000
23,0.000000
24,0.023708
25,0.000000
26,0.000000
27,0.000000
28,0.000000
29,0.000000
30,0.000000
31,0.000000
32,0.003349
33,0.081314
34,0.000000
35,0.000000
36,0.000016
37,0.000001
38,0.003349
39,0.000000
40,0.000000
41,0.000000
