id,p
0,0.000142
1,0.000927
2,0.000374
3,0.022667
4,0.000374
5,0.001762
6,0.000374
7,0.000374
8,0.000374
9,0.000354
