id,distance,n_actions
0,0.074325,4
1,0.049335,4
2,0.043344,4
3,0.065993,5
4,0.004584,3
5,0.025373,5
6,0.025436,3
7,0.027192,4
8,0.026734,4
9,0.049762,5
