id,p
0,0.006491
1,0.103150
2,0.914112
3,0.063929
4,1.000000
5,0.788036
6,0.999194
7,0.160406
8,0.479622
9,0.021967
