{
    "distance": 0.027723,
    "n_actions": 1.785714
}