id,p
0,0.000000
1,0.000000
2,0.000000
3,0.000000
4,0.000000
5,0.000000
6,1.000000
7,1.000000
8,0.000000
9,0.000000
10,0.081314
11,0.002557
12,0.000000
13,0.000000
14,0.000000
15,0.194628
16,0.000000
17,1.000000
18,0.000000
19,0.000000
20,0.081314
21,0.000000
22,0.081314
23,0.000000
24,0.000000
25,0.227817
26,0.000000
27,0.000000
28,1.000000
29,0.000000
30,0.000000
31,1.000000
32,1.000000
33,0.000000
34,0.000000
35,0.000000
36,1.000000
37,1.000000
38,1.000000
39,0.000000
40,0.000000
41,0.000000
