{
    "distance": 0.235851,
    "n_actions": 2.185185
}