{
    "distance": 0.049983,
    "n_actions": 1.943182
}