id,p
0,0.000420
1,0.000073
2,0.000000
3,0.000001
4,0.000001
5,0.000073
6,0.000942
7,0.000001
8,0.000001
9,0.000001
