id,distance,n_actions
0,0.025745,3
1,0.041518,3
2,0.024134,3
3,0.028485,3
4,0.030248,3
5,0.007729,3
6,0.014918,3
7,0.016981,3
8,0.026839,3
9,0.014656,3
