id,p
0,0.336097
1,0.778950
2,0.980733
3,0.060073
4,0.999999
5,0.778950
6,0.336097
7,1.000000
8,0.908753
9,0.468150
