{
    "distance": 0.082033,
    "n_actions": 1.104651
}