id,distance,n_actions
0,0.048046,4
1,0.008723,2
2,0.079478,2
3,0.047397,2
4,0.003701,1
5,0.002250,2
6,0.036747,2
7,0.020077,2
8,0.038118,4
9,0.079369,2
10,0.022106,2
11,0.079400,2
12,0.020360,2
13,0.079292,2
14,0.056556,2
15,0.019972,2
16,0.007893,2
17,0.034191,3
18,0.079443,2
19,0.047515,2
20,0.014119,2
21,0.019490,2
22,0.020204,2
23,0.007828,2
24,0.007197,3
25,0.079378,2
