{
    "distance": 0.036879,
    "n_actions": 2.192308
}