id,p
0,0.075010
1,0.643622
2,0.052509
3,0.144718
4,0.427637
5,0.105169
6,0.531512
7,0.006656
8,0.052509
9,0.075010
10,0.052509
11,0.336242
12,0.427637
13,0.075010
14,0.427637
15,0.105169
16,0.105169
17,0.105169
18,0.105169
19,0.258888
20,0.105169
21,0.427637
22,0.010449
23,0.036075
24,0.105169
25,0.075010
