{
    "distance": 0.010433,
    "n_actions": 1.263158
}