{
    "distance": 0.044057,
    "n_actions": 2.583333
}