id,distance,n_actions
0,0.021446,2
1,0.012451,2
2,0.051224,2
3,0.034500,3
4,0.097040,4
5,0.057969,2
6,0.058170,2
7,0.060335,2
8,0.057359,2
9,0.003839,4
10,0.050237,2
11,0.049833,2
12,0.021884,2
13,0.059751,2
14,0.061502,4
15,0.060563,2
16,0.021794,2
17,0.007379,2
18,0.061251,3
19,0.058108,2
20,0.042537,4
21,0.041508,4
22,0.007045,2
23,0.059649,4
