id,p
0,0.000000
1,1.000000
2,0.999939
3,0.045947
4,0.000000
5,0.065366
6,0.021533
7,1.000000
8,0.998082
9,0.948788
10,0.999939
11,0.999939
12,0.000051
13,0.881379
14,0.224551
15,1.000000
16,0.000051
17,1.000000
18,1.000000
19,0.021533
20,0.881379
21,0.373353
22,1.000000
23,0.009402
