{
    "0.05": 0.333333,
    "0.01": 0.208333,
    "0.005": 0.166667,
    "0.001": 0.166667
}