{
    "0.05": 0.965517,
    "0.01": 0.965517,
    "0.005": 0.965517,
    "0.001": 0.954023
}