{
    "distance": 0.13523,
    "n_actions": 2.285714
}