id,p
0,0.000000
1,0.000000
2,0.000002
3,0.000004
4,0.000054
5,0.000004
6,0.000000
7,0.000000
8,0.000000
9,0.004178
10,0.000000
11,0.000000
12,0.000020
13,0.000000
14,0.000000
15,0.000000
16,0.000000
17,0.000020
18,0.000000
19,0.000845
20,0.000000
