{
    "0.05": 0.777778,
    "0.01": 0.777778,
    "0.005": 0.777778,
    "0.001": 0.777778
}