id,p
0,0.000000
1,0.000000
2,0.000000
3,
4,0.000000
5,0.000000
6,0.000000
7,0.000000
8,
9,0.000000
10,
11,0.000000
12,0.000000
13,
14,0.000000
15,0.000000
16,0.000000
17,0.000000
