{
    "distance": 0.014307,
    "n_actions": 2.111111
}