id,distance,n_actions
0,0.016250,2
1,0.025799,2
2,0.009304,2
3,0.029799,2
4,0.010747,2
5,0.011256,2
6,0.007758,4
7,0.001905,1
8,0.020651,2
9,0.004215,2
10,0.015590,2
11,0.004528,2
12,0.035075,4
13,0.000300,1
14,0.003165,2
15,0.005271,2
16,0.040802,2
17,0.015110,2
