{
    "distance": 0.035303,
    "n_actions": 2.309524
}