id,distance,n_actions
0,0.047532,2
1,0.041661,2
2,0.058999,2
3,0.061322,3
4,0.016285,3
5,0.008143,2
6,0.062251,3
7,0.058855,2
8,0.120637,3
9,0.031313,2
10,0.047730,2
11,0.012268,2
12,0.016066,3
13,0.048661,2
14,0.058796,2
15,0.010388,2
16,0.108654,3
17,0.047684,2
18,0.004489,3
19,0.047834,2
20,0.119315,3
21,0.045805,2
22,0.119531,3
23,0.047451,2
