id,p
0,0.131502
1,1.000000
2,0.887478
3,0.000000
4,0.998316
5,1.000000
6,0.000000
7,0.015610
8,0.000000
9,0.131502
10,0.797056
11,1.000000
12,0.952209
13,0.952209
14,0.176560
15,0.000001
16,0.000000
17,0.691700
18,1.000000
19,1.000000
20,0.131502
21,0.000000
22,0.131502
23,1.000000
