{
    "distance": 0.055049,
    "n_actions": 1.06087
}