{
    "distance": 0.302473,
    "n_actions": 2.631068
}