{
    "distance": 0.068572,
    "n_actions": 2.614035
}