{
    "distance": 0.034165,
    "n_actions": 1.720588
}