{
    "0.05": 0.676471,
    "0.01": 0.529412,
    "0.005": 0.529412,
    "0.001": 0.514706
}