id,distance,n_actions
0,0.074404,3
1,0.010341,4
2,0.009550,4
3,0.064584,3
4,0.042309,4
5,0.064550,3
6,0.078373,3
7,0.011276,4
8,0.074149,3
9,0.063862,3
10,0.009291,4
11,0.063955,3
12,0.010921,4
13,0.074160,3
14,0.043029,4
15,0.010089,4
16,0.064408,3
17,0.009414,4
18,0.042457,4
19,0.010083,3
20,0.041162,4
21,0.078125,3
22,0.043671,3
23,0.078455,3
24,0.010817,4
