{
    "distance": 0.293458,
    "n_actions": 2.980583
}