id,p
0,0.000000
1,0.000000
2,0.000045
3,0.000000
4,0.000000
5,0.000000
6,0.000000
7,0.000000
8,0.000377
9,0.000001
10,0.000205
11,0.000006
12,0.000000
13,0.000029
14,0.000000
15,0.000086
16,0.000000
17,0.000000
18,0.000000
19,0.000000
20,0.000003
21,0.000001
22,0.000000
23,0.000000
24,0.000530
