id,p
0,1.000000
1,1.000000
2,1.000000
3,0.998082
4,0.985591
5,1.000000
6,1.000000
7,1.000000
8,0.000093
9,1.000000
10,0.000866
11,0.999939
12,1.000000
13,1.000000
14,1.000000
15,0.948788
16,0.998082
17,0.681526
18,1.000000
19,1.000000
20,1.000000
21,0.998082
22,0.999939
23,0.999939
24,0.999939
