{
    "distance": 0.040463,
    "n_actions": 1.661765
}