{
    "distance": 0.205578,
    "n_actions": 1.962963
}