{
    "distance": 0.059117,
    "n_actions": 1.142857
}