{
    "0.05": 0.619048,
    "0.01": 0.619048,
    "0.005": 0.619048,
    "0.001": 0.52381
}