id,p
0,1.000000
1,0.000000
2,0.001923
3,0.000000
4,0.000007
5,0.000000
6,1.000000
7,0.000020
8,0.077156
9,0.000000
10,0.000000
11,0.077156
12,0.077156
13,1.000000
14,0.000020
15,0.001923
16,0.000000
17,1.000000
18,0.000007
19,1.000000
20,0.000000
