{
    "distance": 0.015882,
    "n_actions": 1.842105
}