id,distance,n_actions
0,0.009428,3
1,0.008734,3
2,0.007607,3
3,0.011868,1
4,0.030298,2
5,0.022857,1
6,0.023004,1
7,0.030743,2
8,0.028852,2
9,0.018716,3
10,0.005275,1
11,0.000000,0
12,0.006967,3
13,0.015238,1
14,0.004419,3
15,0.003663,1
16,0.019745,2
17,0.021685,1
18,0.032653,2
