{
    "0.05": 0.894737,
    "0.01": 0.894737,
    "0.005": 0.894737,
    "0.001": 0.894737
}