{
    "distance": 0.092434,
    "n_actions": 2.684211
}