{
    "distance": 0.032701,
    "n_actions": 1.609756
}