{
    "0.05": 0.682927,
    "0.01": 0.658537,
    "0.005": 0.658537,
    "0.001": 0.658537
}