id,p
0,0.764309
1,0.821607
2,0.000000
3,1.000000
4,0.000000
5,0.000000
6,0.821607
7,0.000000
8,0.764309
9,0.000000
10,0.000000
11,0.764309
12,0.045980
13,0.000000
14,0.821607
15,0.000000
16,0.000000
17,0.000000
18,0.000000
19,0.000000
20,0.000000
21,0.000000
22,0.000000
23,0.056244
24,0.821607
25,0.000000
26,0.000000
27,1.000000
28,0.000000
29,0.000000
30,0.000000
31,0.000000
32,0.000000
33,0.000000
34,0.000000
35,0.000000
36,0.000000
37,0.821607
38,0.000000
39,0.821607
40,1.000000
