{
    "distance": 0.029763,
    "n_actions": 1.37069
}