{
    "0.05": 0.991379,
    "0.01": 0.991379,
    "0.005": 0.991379,
    "0.001": 0.991379
}