{
    "distance": 0.094829,
    "n_actions": 2.754386
}