{
    "distance": 0.321082,
    "n_actions": 2.650485
}