id,distance,n_actions
0,0.121677,4
1,0.000058,3
2,0.040133,3
3,0.000312,3
4,0.067234,4
5,0.038760,3
6,0.068737,4
7,0.068446,4
8,0.000681,3
9,0.000961,3
10,0.075015,4
11,0.122752,4
12,0.067726,4
13,0.121627,4
14,0.039062,3
15,0.000968,3
16,0.121885,4
17,0.068278,4
18,0.075025,4
19,0.040029,3
20,0.000932,3
21,0.040215,3
22,0.069061,4
23,0.001544,3
24,0.121382,4
