id,p
0,0.011526
1,0.001114
2,0.002557
3,0.012171
4,0.002557
5,0.002557
6,0.000180
7,0.002557
8,0.002557
9,0.000460
