id,distance,n_actions
0,0.024524,3
1,0.034395,4
2,0.027367,4
3,0.036238,4
4,0.014072,4
5,0.010260,4
6,0.042100,4
7,0.023250,4
8,0.022928,4
9,0.016427,4
