id,p
0,0.000000
1,0.000000
2,0.002983
3,0.025096
4,0.000006
5,0.136309
6,0.046271
7,0.025096
8,0.025096
9,0.000001
