id,distance,n_actions
0,0.026577,3
1,0.037900,3
2,0.003552,1
3,0.004726,1
4,0.012488,3
5,0.009606,1
6,0.003676,1
7,0.003243,1
8,0.001174,1
9,0.024384,3
