{
    "distance": 0.267337,
    "n_actions": 2.679612
}