{
    "0.05": 0.825243,
    "0.01": 0.825243,
    "0.005": 0.76699,
    "0.001": 0.640777
}