{
    "distance": 0.038469,
    "n_actions": 0.982609
}