{
    "0.05": 0.695652,
    "0.01": 0.695652,
    "0.005": 0.695652,
    "0.001": 0.504348
}