id,distance,n_actions
0,0.000019,1
1,0.054229,3
2,0.079476,3
3,0.051864,3
4,0.000023,1
5,0.025216,3
6,0.000035,1
7,0.024276,3
8,0.078975,3
9,0.079042,3
10,0.052198,3
11,0.079598,3
12,0.000028,1
13,0.037926,3
14,0.054365,3
15,0.050858,3
16,0.045903,3
17,0.078447,3
18,0.000036,1
19,0.020426,3
20,0.053057,3
21,0.000040,1
22,0.000031,1
23,0.000005,1
24,0.079962,3
