id,p
0,1.000000
1,0.096259
2,0.176560
3,0.232931
4,1.000000
5,0.797056
6,0.383777
7,0.797056
8,0.176560
9,0.301818
10,0.069256
11,0.176560
12,1.000000
13,0.301818
14,0.131502
15,0.301818
16,0.176560
17,0.301818
18,0.383777
19,0.986872
20,0.176560
21,0.478199
22,0.797056
23,1.000000
24,0.176560
