{
    "distance": 0.024733,
    "n_actions": 2.210526
}