id,p
0,0.000000
1,0.000000
2,0.000000
3,0.000246
4,0.000000
5,0.000000
6,0.005842
7,0.000000
8,0.001315
9,0.000000
