id,p
0,0.398066
1,0.018509
2,0.031786
3,0.284934
4,0.018509
5,0.031786
6,0.284934
7,0.196722
8,0.131223
9,0.031786
