id,p
0,0.000066
1,0.000460
2,0.000026
3,0.005571
4,0.103150
5,0.012171
6,0.000008
7,0.042409
8,0.075540
9,0.042409
