id,distance,n_actions
0,0.025513,4
1,0.029615,3
2,0.028061,4
3,0.021454,3
4,0.022763,4
5,0.025349,3
6,0.038047,3
7,0.023250,4
8,0.017887,3
9,0.016427,4
