id,p
0,0.000094
1,0.000218
2,1.000000
3,0.258198
4,0.043745
5,0.999402
6,0.007920
7,0.025664
8,0.001028
9,0.002108
