id,distance,n_actions
0,0.005952,1
1,0.049776,3
2,0.073723,3
3,0.051587,1
4,0.013889,1
5,0.033730,1
6,0.033730,1
7,0.102207,3
8,0.039683,1
9,0.097021,3
10,0.069444,1
11,0.051587,1
12,0.041667,1
13,0.088408,3
14,0.095101,3
15,0.029762,1
16,0.100369,3
17,0.027778,1
18,0.017857,1
19,0.041667,1
20,0.027951,3
21,0.102973,3
22,0.043651,1
23,0.063492,1
