id,p
0,0.060018
1,0.000002
2,0.000000
3,0.000000
4,0.000399
5,0.000000
6,0.000000
7,0.000000
8,0.000000
9,0.000000
10,0.000000
11,0.000000
12,0.000000
13,0.000598
14,0.000000
15,0.000000
16,0.000000
17,0.000000
18,0.000046
19,0.000000
20,0.735034
21,0.000000
22,0.000000
23,0.000000
