{
    "distance": 0.005255,
    "n_actions": 1.023256
}