{
    "0.05": 0.372093,
    "0.01": 0.186047,
    "0.005": 0.116279,
    "0.001": 0.116279
}