id,distance,n_actions
0,0.001716,2
1,0.047032,2
2,0.032768,2
3,0.033254,2
4,0.016642,2
5,0.000618,2
6,0.001304,2
7,0.000825,2
8,0.032681,2
9,0.016391,2
10,0.000308,2
11,0.041175,3
12,0.032193,2
13,0.001495,2
14,0.000866,2
15,0.001050,2
16,0.032495,2
17,0.001450,2
18,0.041718,3
19,0.032995,2
20,0.047123,2
21,0.030693,2
22,0.003465,3
23,0.000438,2
24,0.031524,2
25,0.016206,2
