{
    "distance": 0.01917,
    "n_actions": 2.115385
}