id,p
0,0.000059
1,0.000000
2,0.203703
3,0.864736
4,1.000000
5,1.000000
6,0.654823
7,0.038777
8,0.999901
9,0.203703
10,1.000000
11,0.999901
12,0.203703
13,0.203703
14,0.000108
15,0.026334
16,0.203703
17,0.981826
18,0.543252
19,0.439130
20,0.000000
21,0.203703
22,1.000000
23,1.000000
24,0.203703
25,0.110870
