id,distance,n_actions
0,0.282346,3
1,0.112245,1
2,0.155514,2
3,0.190345,2
4,0.028454,1
5,0.164639,1
6,0.004710,1
7,0.020506,1
8,0.150805,2
9,0.036303,1
10,0.056515,1
11,0.007947,1
12,0.081633,1
13,0.007947,1
14,0.020506,1
15,0.014227,1
16,0.190345,2
17,0.073783,1
18,0.047096,1
19,0.053375,1
20,0.058477,1
