{
    "distance": 0.083701,
    "n_actions": 1.285714
}