id,p
0,0.000000
1,0.000000
2,0.000000
3,0.000000
4,0.000002
5,0.000000
6,0.077156
7,0.000020
8,0.000000
9,0.000001
10,0.000000
11,0.077156
12,0.000000
13,0.077156
14,0.000020
15,0.001923
16,0.000000
17,0.000000
18,0.000000
19,0.000000
20,0.000000
