id,distance,n_actions
0,0.016595,2
1,0.047032,2
2,0.032768,2
3,0.033254,2
4,0.000350,2
5,0.016926,2
6,0.001304,2
7,0.016558,2
8,0.032681,2
9,0.016391,2
10,0.000308,2
11,0.001921,2
12,0.032193,2
13,0.001495,2
14,0.000866,2
15,0.001050,2
16,0.011669,1
17,0.001450,2
18,0.017121,2
19,0.032995,2
20,0.047123,2
21,0.030693,2
22,0.045585,2
23,0.000438,2
24,0.011041,1
25,0.016206,2
