{
    "distance": 0.017924,
    "n_actions": 1.923077
}