id,p
0,0.203703
1,0.110870
2,0.079563
3,0.268455
4,0.203703
5,0.268455
6,0.268455
7,0.001748
8,0.346937
9,0.543252
10,0.026334
11,0.268455
12,0.151681
13,0.203703
14,0.203703
15,0.001041
16,0.007380
17,0.268455
18,0.004652
19,0.110870
20,0.056058
21,0.079563
22,0.056058
23,0.026334
24,0.056058
25,0.654823
