id,p
0,0.000000
1,0.000000
2,0.000000
3,0.000000
4,0.063212
5,0.005166
6,0.002468
7,0.000000
8,0.000000
9,0.000000
