id,distance,n_actions
0,0.021925,2
1,0.019446,3
2,0.022871,3
3,0.052948,3
4,0.046642,3
5,0.049626,3
6,0.059038,3
7,0.029630,3
8,0.024074,4
9,0.001992,2
