id,p
0,1.000000
1,0.987828
2,1.000000
3,0.987828
4,0.000000
5,0.000004
6,0.000009
7,1.000000
8,1.000000
9,1.000000
