{
    "distance": 0.034369,
    "n_actions": 1.568182
}