{
    "0.05": 0.943182,
    "0.01": 0.897727,
    "0.005": 0.886364,
    "0.001": 0.795455
}