id,distance,n_actions
0,0.070011,2
1,0.025383,2
2,0.051177,2
3,0.034756,2
4,0.055419,2
5,0.045361,2
6,0.029488,2
7,0.065476,1
8,0.064929,2
9,0.054461,2
10,0.045498,2
11,0.076286,2
12,0.009647,2
13,0.070334,2
14,0.060824,2
15,0.069034,2
16,0.037151,2
17,0.049466,2
18,0.089286,1
19,0.037288,2
20,0.042693,2
21,0.025657,2
22,0.049056,2
23,0.058292,2
