{
    "distance": 0.050707,
    "n_actions": 1.916667
}