id,p
0,0.000001
1,0.078711
2,0.000118
3,0.007834
4,0.000004
5,0.000019
6,0.078711
7,0.000007
8,0.000001
9,0.035647
10,0.000181
11,0.000007
12,0.007834
13,0.000001
14,0.000076
15,0.000001
16,0.003991
17,0.000007
18,0.000007
19,0.003991
20,0.020024
21,0.035647
22,0.000076
23,0.007834
