{
    "0.05": 0.916667,
    "0.01": 0.791667,
    "0.005": 0.666667,
    "0.001": 0.583333
}