{
    "0.05": 0.348837,
    "0.01": 0.255814,
    "0.005": 0.232558,
    "0.001": 0.209302
}