id,distance,n_actions
0,0.041143,3
1,0.071144,3
2,0.043249,3
3,0.039033,3
4,0.026596,3
5,0.012069,2
6,0.041222,4
7,0.026147,3
8,0.037521,3
9,0.040334,2
