id,p
0,0.080305
1,0.523793
2,0.029670
3,0.821060
4,0.276034
5,0.987828
6,0.987828
7,0.029670
8,0.002657
9,0.017117
