{
    "distance": 0.031398,
    "n_actions": 1.753623
}