{
    "0.05": 0.811594,
    "0.01": 0.811594,
    "0.005": 0.811594,
    "0.001": 0.811594
}