{
    "distance": 0.005243,
    "n_actions": 0.906977
}