{
    "0.05": 0.162791,
    "0.01": 0.139535,
    "0.005": 0.139535,
    "0.001": 0.116279
}