{
    "distance": 0.300509,
    "n_actions": 2.572816
}