{
    "0.05": 0.796117,
    "0.01": 0.640777,
    "0.005": 0.640777,
    "0.001": 0.640777
}