{
    "distance": 0.07931,
    "n_actions": 2.293103
}