{
    "distance": 0.03382,
    "n_actions": 1.809524
}