id,p
0,0.000001
1,0.000001
2,0.000001
3,0.000001
4,0.000001
5,0.003238
6,0.012768
7,0.006572
8,0.003238
9,0.000001
