id,distance,n_actions
0,0.025745,3
1,0.041518,3
2,0.024134,3
3,0.028485,3
4,0.030248,3
5,0.008440,1
6,0.003406,1
7,0.010602,1
8,0.003494,1
9,0.014656,3
