{
    "distance": 0.038164,
    "n_actions": 1.738095
}