{
    "0.05": 0.928571,
    "0.01": 0.928571,
    "0.005": 0.928571,
    "0.001": 0.928571
}