id,distance,n_actions
0,0.021171,4
1,0.020635,4
2,0.011302,4
3,0.030289,4
4,0.009675,3
5,0.018122,4
6,0.007352,2
7,0.037653,4
8,0.042488,4
9,0.007026,4
