{
    "distance": 0.052048,
    "n_actions": 1.356522
}