{
    "distance": 0.030357,
    "n_actions": 1.904762
}