{
    "0.05": 0.714286,
    "0.01": 0.714286,
    "0.005": 0.714286,
    "0.001": 0.714286
}