{
    "distance": 0.21706,
    "n_actions": 2.165049
}