{
    "0.05": 0.718447,
    "0.01": 0.640777,
    "0.005": 0.592233,
    "0.001": 0.592233
}