{
    "distance": 0.039263,
    "n_actions": 1.417391
}