id,distance,n_actions
0,0.047730,3
1,0.030684,3
2,0.013342,3
3,0.038843,3
4,0.016179,2
5,0.005128,1
6,0.036419,3
7,0.004220,2
8,0.027050,3
9,0.030769,2
