id,p
0,0.977101
1,0.244535
2,0.927800
3,0.999841
4,0.977101
5,0.513485
6,0.740899
7,0.845910
8,0.845910
9,0.244535
10,0.977101
11,0.845910
12,0.845910
13,0.740899
14,0.977101
15,0.977101
16,0.740899
17,0.845910
18,0.740899
19,0.740899
20,0.068378
21,0.927800
22,0.740899
23,0.626252
24,0.845910
25,1.000000
