{
    "distance": 0.033816,
    "n_actions": 2.115942
}