{
    "distance": 0.00833,
    "n_actions": 1.395349
}