{
    "0.05": 0.511628,
    "0.01": 0.255814,
    "0.005": 0.209302,
    "0.001": 0.093023
}