id,p
0,0.004834
1,0.000039
2,0.000276
3,0.000107
4,0.228687
5,0.004834
6,0.003455
7,0.007255
8,0.087259
9,0.014509
