id,distance,n_actions
0,0.045769,3
1,0.012121,2
2,0.023728,3
3,0.017100,2
4,0.052354,3
5,0.047691,3
6,0.047321,2
7,0.097044,4
8,0.044643,2
9,0.029085,3
