id,p
0,0.001329
1,0.999557
2,0.189370
3,0.987828
4,0.005124
5,0.000640
6,0.000024
7,0.000000
8,0.000024
9,0.080305
