{
    "distance": 0.026396,
    "n_actions": 1.234783
}