id,distance,n_actions
0,0.005941,2
1,0.092296,1
2,0.045147,2
3,0.066056,2
4,0.066404,2
5,0.050357,2
6,0.189376,2
7,0.237655,3
8,0.182695,2
9,0.034477,1
10,0.078766,2
11,0.218355,3
12,0.071683,2
13,0.231634,3
14,0.137716,2
15,0.228995,3
16,0.178654,2
17,0.070219,2
18,0.222314,3
19,0.080776,2
20,0.220994,3
