{
    "distance": 0.129072,
    "n_actions": 2.190476
}