{
    "distance": 0.073089,
    "n_actions": 2.052632
}