id,distance,n_actions
0,0.084907,2
1,0.061818,3
2,0.065923,3
3,0.041530,2
4,0.123616,3
5,0.031746,1
6,0.118384,3
7,0.042733,3
8,0.081076,2
9,0.102124,2
10,0.072171,2
11,0.057986,3
12,0.113300,2
13,0.071501,3
14,0.049320,2
15,0.069891,3
16,0.075707,3
17,0.018441,2
18,0.041246,2
19,0.019841,1
20,0.069034,2
21,0.038145,3
22,0.025803,2
23,0.039171,3
