id,p
0,0.000000
1,0.000000
2,0.000000
3,0.000000
4,0.000000
5,0.000007
6,0.000276
7,0.421168
8,0.000000
9,0.000000
10,0.000012
11,0.000000
12,0.000000
13,0.421168
14,0.000001
15,0.000000
16,0.000000
17,0.026847
18,0.000012
19,0.026847
20,0.000000
21,0.000002
22,0.000019
23,0.421168
