{
    "distance": 0.130952,
    "n_actions": 0.916667
}