{
    "distance": 0.054545,
    "n_actions": 2.172414
}