{
    "distance": 0.034469,
    "n_actions": 1.658537
}