id,p
0,0.239483
1,0.093343
2,0.030351
3,0.030533
4,0.002307
5,0.052669
6,0.152938
7,0.016155
8,0.000806
9,0.030533
