id,p
0,0.621680
1,0.908753
2,0.999999
3,1.000000
4,1.000000
5,0.999063
6,0.999999
7,0.908753
8,0.468150
9,0.999999
