{
    "distance": 0.059776,
    "n_actions": 2.413793
}