id,distance,n_actions
0,0.014431,1
1,0.019096,1
2,0.018513,1
3,0.004519,1
4,0.013703,1
5,0.021429,1
6,0.005427,1
7,0.009475,1
8,0.005394,1
9,0.012878,1
10,0.012099,1
11,0.015598,1
12,0.016427,1
13,0.000000,0
14,0.018367,1
15,0.012760,1
16,0.021720,1
17,0.006600,1
18,0.009652,2
