{
    "distance": 0.032943,
    "n_actions": 1.382609
}