{
    "distance": 0.032718,
    "n_actions": 1.304348
}