id,p
0,0.081322
1,0.046271
2,0.002983
3,0.000559
4,0.002983
5,0.217919
6,0.081322
7,0.136309
8,0.081322
9,0.002983
