id,p
0,0.982419
1,0.914112
2,0.999999
3,0.999194
4,0.788036
5,0.914112
6,0.999194
7,0.999194
8,1.000000
9,1.000000
