id,p
0,0.000000
1,0.000054
2,0.000130
3,0.000000
4,0.000000
5,0.000000
6,0.000000
7,0.000011
8,0.000000
9,0.000021
