id,distance,n_actions
0,0.021925,2
1,0.018643,2
2,0.055792,2
3,0.060524,4
4,0.046642,3
5,0.053413,4
6,0.059038,3
7,0.010699,2
8,0.010081,2
9,0.001992,2
