id,p
0,1.000000
1,1.000000
2,0.932679
3,0.080305
4,0.080305
5,0.125458
6,0.125458
7,1.000000
8,1.000000
9,1.000000
