{
    "distance": 0.062227,
    "n_actions": 1.795455
}