{
    "0.05": 0.678161,
    "0.01": 0.609195,
    "0.005": 0.609195,
    "0.001": 0.448276
}