{
    "distance": 0.064323,
    "n_actions": 1.840909
}