{
    "0.05": 0.681818,
    "0.01": 0.613636,
    "0.005": 0.579545,
    "0.001": 0.556818
}