id,p
0,0.011512
1,0.225591
2,0.000002
3,0.000000
4,0.000001
5,0.009449
6,0.000014
7,0.000582
8,0.011512
9,0.000000
