id,distance,n_actions
0,0.046185,3
1,0.034957,3
2,0.013609,2
3,0.043750,2
4,0.033333,2
5,0.046861,3
6,0.024702,2
7,0.009821,1
8,0.055547,3
9,0.039130,2
