id,p
0,0.000000
1,0.000156
2,0.936678
3,0.000000
4,0.000029
5,0.000068
6,0.031786
7,0.936678
8,0.000005
9,0.010411
