{
    "distance": 0.029541,
    "n_actions": 1.880952
}