id,p
0,0.000000
1,0.000000
2,0.000000
3,0.000000
4,0.000000
5,0.001100
6,0.000330
7,0.000000
8,0.000000
9,0.000001
10,0.000000
11,0.000609
12,0.000002
13,0.000000
14,0.000000
15,0.000000
16,0.000000
17,0.000000
18,0.000000
19,0.000000
20,0.000000
21,0.000000
22,0.000000
23,0.067148
24,0.000000
25,0.000000
26,0.000609
27,0.761347
28,0.000000
29,0.000000
30,0.000000
31,0.000000
32,0.000000
33,0.000000
34,0.000000
35,0.000000
36,0.000000
37,0.000000
38,0.000000
39,0.000000
40,0.000000
41,0.000000
