{
    "distance": 0.269764,
    "n_actions": 2.456311
}