{
    "0.05": 0.902913,
    "0.01": 0.864078,
    "0.005": 0.864078,
    "0.001": 0.815534
}