{
    "distance": 0.020958,
    "n_actions": 1.321839
}