id,distance,n_actions
0,0.022449,1
1,0.021137,1
2,0.022886,1
3,0.007580,1
4,0.002478,1
5,0.007434,1
6,0.007580,1
7,0.017930,1
8,0.016327,1
9,0.020700,1
10,0.014577,1
11,0.000729,1
12,0.000875,1
13,0.001895,1
14,0.001312,1
15,0.002624,1
16,0.006414,1
17,0.019971,1
18,0.018222,1
