{
    "distance": 0.034687,
    "n_actions": 2.246377
}