id,distance,n_actions
0,0.040296,2
1,0.056946,2
2,0.013971,2
3,0.110507,3
4,0.060547,2
5,0.062122,2
6,0.058706,2
7,0.058624,2
8,0.035653,2
9,0.088602,2
10,0.039089,2
11,0.036635,2
12,0.042250,2
13,0.049603,1
14,0.069219,2
15,0.060526,2
16,0.013357,2
17,0.069070,3
18,0.062981,2
19,0.055331,2
20,0.125184,2
21,0.054431,2
22,0.063206,2
23,0.028391,2
