{
    "distance": 0.056469,
    "n_actions": 2.041667
}