id,p
0,0.000011
1,0.000072
2,0.046031
3,0.000000
4,0.000173
5,0.000000
6,0.000011
7,0.000000
8,0.001301
9,0.000000
10,0.001890
11,0.000399
12,0.000399
13,0.000000
14,0.000000
15,0.000007
16,0.005461
17,0.000029
18,0.000072
19,0.000000
20,0.000000
21,0.000173
22,0.000000
23,0.001301
