{
    "distance": 0.008964,
    "n_actions": 1.302326
}