id,distance,n_actions
0,0.021446,2
1,0.012451,2
2,0.051224,2
3,0.043565,4
4,0.059787,2
5,0.057969,2
6,0.058170,2
7,0.060335,2
8,0.057359,2
9,0.049028,2
10,0.050237,2
11,0.049833,2
12,0.021884,2
13,0.059751,2
14,0.012334,2
15,0.060563,2
16,0.021794,2
17,0.020404,4
18,0.059677,4
19,0.058108,2
20,0.042537,4
21,0.064723,4
22,0.021051,4
23,0.059649,4
