{
    "distance": 0.044745,
    "n_actions": 2.583333
}