id,p
0,0.571624
1,0.999939
2,0.681526
3,1.000000
4,0.788542
5,0.467224
6,0.373353
7,0.681526
8,0.467224
9,0.788542
10,0.788542
11,0.788542
12,0.948788
13,0.788542
14,1.000000
15,0.788542
16,0.373353
17,1.000000
18,0.224551
19,0.373353
20,1.000000
21,1.000000
22,1.000000
23,0.292314
