{
    "distance": 0.111524,
    "n_actions": 1.290698
}