{
    "distance": 0.098518,
    "n_actions": 2.807018
}