{
    "distance": 0.035743,
    "n_actions": 1.617647
}