{
    "0.05": 1.0,
    "0.01": 0.955882,
    "0.005": 0.941176,
    "0.001": 0.838235
}