{
    "distance": 0.03144,
    "n_actions": 1.724638
}