{
    "0.05": 0.782609,
    "0.01": 0.782609,
    "0.005": 0.782609,
    "0.001": 0.782609
}