{
    "distance": 0.106703,
    "n_actions": 1.833333
}