{
    "0.05": 0.796296,
    "0.01": 0.685185,
    "0.005": 0.648148,
    "0.001": 0.5
}