{
    "distance": 0.111926,
    "n_actions": 1.222222
}