{
    "0.05": 0.314815,
    "0.01": 0.314815,
    "0.005": 0.314815,
    "0.001": 0.314815
}