{
    "distance": 0.040266,
    "n_actions": 0.94186
}