{
    "0.05": 0.94186,
    "0.01": 0.94186,
    "0.005": 0.94186,
    "0.001": 0.94186
}