id,distance,n_actions
0,0.063444,3
1,0.071144,3
2,0.018997,3
3,0.040019,3
4,0.026596,3
5,0.014198,2
6,0.033267,2
7,0.026147,3
8,0.058804,3
9,0.052465,3
