{
    "distance": 0.033047,
    "n_actions": 1.965517
}