{
    "0.05": 0.843478,
    "0.01": 0.843478,
    "0.005": 0.843478,
    "0.001": 0.843478
}