{
    "0.05": 0.921739,
    "0.01": 0.921739,
    "0.005": 0.921739,
    "0.001": 0.573913
}