{
    "distance": 0.108785,
    "n_actions": 1.148148
}