{
    "distance": 0.060139,
    "n_actions": 2.068966
}