{
    "0.05": 0.931034,
    "0.01": 0.885057,
    "0.005": 0.885057,
    "0.001": 0.862069
}