{
    "distance": 0.288604,
    "n_actions": 2.757282
}