{
    "distance": 0.256588,
    "n_actions": 2.339806
}