id,distance,n_actions
0,0.014431,1
1,0.014667,1
2,0.018513,1
3,0.001320,1
4,0.012204,3
5,0.021429,1
6,0.005427,1
7,0.009475,1
8,0.011802,3
9,0.000039,3
10,0.012539,3
11,0.015598,1
12,0.024052,1
13,0.013739,3
14,0.018367,1
15,0.016035,1
16,0.021720,1
17,0.011118,2
18,0.012099,1
