{
    "distance": 0.013399,
    "n_actions": 1.578947
}