id,distance,n_actions
0,0.038366,1
1,0.040824,1
2,0.000273,1
3,0.040443,1
4,0.003496,1
5,0.009145,1
6,0.008633,1
7,0.008778,1
8,0.040600,1
9,0.040997,1
10,0.040690,1
11,0.036987,1
12,0.007577,1
13,0.009809,1
14,0.006781,1
15,0.008998,1
16,0.025781,1
17,0.025955,1
18,0.009097,1
19,0.009943,1
20,0.039089,1
21,0.010089,1
22,0.038781,1
23,0.039355,1
24,0.037572,1
