id,p
0,0.985591
1,1.000000
2,0.985591
3,1.000000
4,0.999939
5,0.788542
6,0.881379
7,0.948788
8,1.000000
9,1.000000
10,1.000000
11,0.985591
12,0.998082
13,0.985591
14,0.998082
15,0.948788
16,1.000000
17,1.000000
18,0.948788
19,0.881379
20,0.985591
21,0.998082
22,0.985591
23,0.948788
24,0.985591
