{
    "distance": 0.134111,
    "n_actions": 0.938776
}