{
    "distance": 0.054881,
    "n_actions": 1.017391
}