id,distance,n_actions
0,0.029925,3
1,0.034347,3
2,0.022871,3
3,0.060524,4
4,0.061793,4
5,0.053413,4
6,0.066613,4
7,0.010699,2
8,0.024074,4
9,0.025839,3
