id,p
0,0.932679
1,1.000000
2,1.000000
3,1.000000
4,0.932679
5,1.000000
6,1.000000
7,1.000000
8,1.000000
9,0.821060
