id,distance,n_actions
0,0.192578,2
1,0.052980,2
2,0.166292,2
3,0.058094,2
4,0.035310,2
5,0.037798,2
6,0.030199,2
7,0.040930,2
8,0.033740,2
9,0.049439,2
10,0.043729,2
11,0.059655,1
12,0.006849,2
13,0.063538,2
14,0.041991,2
15,0.062916,2
16,0.108518,2
17,0.100243,2
18,0.093395,2
19,0.051897,2
