{
    "distance": 0.02806,
    "n_actions": 1.809524
}