id,distance,n_actions
0,0.055481,3
1,0.027727,3
2,0.049974,4
3,0.022104,3
4,0.046957,3
5,0.057596,3
6,0.055237,3
7,0.022188,3
8,0.072578,4
9,0.077581,3
10,0.056953,3
11,0.077680,3
12,0.013624,3
13,0.046973,4
14,0.043064,3
15,0.068027,3
16,0.039997,2
17,0.055374,3
18,0.000257,3
19,0.043254,3
20,0.067614,4
21,0.030108,2
22,0.043041,3
23,0.077593,3
24,0.037663,2
