id,p
0,0.643622
1,0.000905
2,0.016094
3,0.336242
4,0.195423
5,0.105169
6,0.427637
7,0.756119
8,0.024323
9,0.336242
10,0.052509
11,0.427637
12,0.036075
13,0.016094
14,0.427637
15,0.024323
16,0.075010
17,0.336242
18,0.000048
19,0.531512
20,0.024323
21,0.258888
22,0.427637
23,0.258888
24,0.024323
