{
    "distance": 0.330472,
    "n_actions": 2.942308
}