{
    "0.05": 0.971154,
    "0.01": 0.932692,
    "0.005": 0.932692,
    "0.001": 0.875
}