{
    "distance": 0.136342,
    "n_actions": 1.020833
}