{
    "distance": 0.053696,
    "n_actions": 1.078261
}