{
    "distance": 0.055023,
    "n_actions": 2.578947
}