{
    "distance": 0.042757,
    "n_actions": 1.666667
}