id,distance,n_actions
0,0.060797,1
1,0.073014,2
2,0.056850,2
3,0.080898,2
4,0.019274,1
5,0.076952,2
6,0.041929,1
7,0.010729,2
8,0.047108,2
9,0.033790,2
10,0.037982,2
11,0.043162,2
12,0.106846,2
13,0.030337,2
14,0.031940,2
15,0.031746,1
16,0.056850,2
17,0.042422,2
18,0.004193,1
19,0.006536,1
20,0.023061,1
21,0.018868,1
22,0.052658,2
23,0.038229,2
