id,p
0,0.000000
1,0.000000
2,0.000000
3,0.000000
4,0.000000
5,0.000000
6,0.000000
7,1.000000
8,0.001301
9,0.000000
10,0.000000
11,0.000046
12,0.000000
13,1.000000
14,1.000000
15,0.000011
16,0.000000
17,0.000000
18,1.000000
19,1.000000
20,0.000000
21,0.000000
22,0.000000
23,0.000000
