{
    "0.05": 0.791667,
    "0.01": 0.791667,
    "0.005": 0.791667,
    "0.001": 0.75
}