{
    "distance": 0.135101,
    "n_actions": 2.238095
}