{
    "distance": 0.119048,
    "n_actions": 0.833333
}