id,distance,n_actions
0,0.040698,4
1,0.037889,4
2,0.035346,4
3,0.028765,3
4,0.050599,4
5,0.043220,4
6,0.038801,4
7,0.035791,4
8,0.036265,4
9,0.042532,3
