id,p
0,0.108604
1,0.249273
2,0.796780
3,0.357062
4,0.108604
5,0.249273
6,0.357062
7,0.999306
8,0.167569
9,0.167569
