id,p
0,0.000000
1,0.000001
2,0.000276
3,0.000006
4,0.000001
5,0.000000
6,0.000000
7,0.000000
8,0.000000
9,0.000017
