id,p
0,0.125458
1,1.000000
2,0.387942
3,0.387942
4,0.080305
5,0.049664
6,0.080305
7,0.080305
8,0.125458
9,0.387942
