{
    "distance": 0.025557,
    "n_actions": 2.263158
}