id,distance,n_actions
0,0.044307,4
1,0.040550,2
2,0.011811,2
3,0.003948,2
4,0.015552,2
5,0.010822,2
6,0.033927,2
7,0.026748,2
8,0.037191,2
9,0.028801,2
10,0.022581,2
11,0.042396,4
12,0.034888,2
13,0.011648,2
14,0.032680,2
15,0.012690,3
16,0.043168,2
17,0.008765,2
18,0.023102,2
