{
    "distance": 0.005146,
    "n_actions": 1.023256
}