{
    "0.05": 0.697674,
    "0.01": 0.651163,
    "0.005": 0.604651,
    "0.001": 0.581395
}