{
    "distance": 0.080298,
    "n_actions": 2.280702
}