id,distance,n_actions
0,0.055481,3
1,0.000937,2
2,0.000082,2
3,0.055394,3
4,0.046957,3
5,0.043196,3
6,0.055237,3
7,0.055279,3
8,0.047084,3
9,0.077581,3
10,0.043146,3
11,0.077680,3
12,0.008343,3
13,0.000551,3
14,0.043064,3
15,0.047030,3
16,0.043206,3
17,0.055374,3
18,0.000677,3
19,0.043254,3
20,0.046633,3
21,0.007972,3
22,0.043041,3
23,0.077593,3
24,0.000076,2
