id,distance,n_actions
0,0.046940,4
1,0.051625,4
2,0.039856,3
3,0.053125,2
4,0.013201,2
5,0.033945,3
6,0.046777,4
7,0.036414,2
8,0.018370,2
9,0.030163,2
