id,p
0,1.000000
1,1.000000
2,0.987828
3,1.000000
4,1.000000
5,0.987828
6,1.000000
7,1.000000
8,1.000000
9,1.000000
