{
    "0.05": 0.701149,
    "0.01": 0.655172,
    "0.005": 0.655172,
    "0.001": 0.632184
}