id,p
0,0.000301
1,0.000112
2,0.000112
3,0.000112
4,0.000000
5,0.000112
6,0.000000
7,0.000108
8,0.000000
9,0.000112
