id,distance,n_actions
0,0.022849,3
1,0.032902,4
2,0.019758,3
3,0.018698,3
4,0.045997,4
5,0.012078,3
6,0.022231,4
7,0.033895,4
8,0.028496,4
9,0.049706,4
