id,p
0,0.788036
1,0.914112
2,0.999194
3,1.000000
4,0.982419
5,1.000000
6,0.999999
7,0.999999
8,0.999999
9,0.632858
