{
    "distance": 0.059194,
    "n_actions": 1.47619
}