{
    "0.05": 1.0,
    "0.01": 0.904762,
    "0.005": 0.857143,
    "0.001": 0.857143
}