{
    "distance": 0.13948,
    "n_actions": 1.041667
}