{
    "distance": 0.036551,
    "n_actions": 2.102941
}