{
    "distance": 0.005714,
    "n_actions": 1.023256
}