id,p
0,0.000080
1,0.000374
2,0.000927
3,0.231441
4,0.000017
5,0.060073
6,0.097786
7,0.097786
8,0.000142
9,0.097786
