id,distance,n_actions
0,0.011762,2
1,0.021778,3
2,0.012141,3
3,0.021002,1
4,0.015286,2
5,0.007328,3
6,0.034914,3
7,0.051630,3
8,0.032313,3
9,0.034009,3
