id,p
0,0.999999
1,0.999306
2,0.999306
3,0.796780
4,0.999999
5,0.999999
6,0.919168
7,0.919168
8,0.999999
9,1.000000
