id,p
0,0.999999
1,0.999063
2,0.999063
3,0.621680
4,0.980733
5,0.980733
6,0.999063
7,0.999063
8,0.999999
9,0.778950
