id,distance,n_actions
0,0.029909,2
1,0.056689,2
2,0.079294,3
3,0.020056,3
4,0.035147,2
5,0.042517,2
6,0.061490,3
7,0.060091,2
8,0.121095,3
9,0.035113,2
10,0.092412,2
11,0.069427,3
12,0.107306,3
13,0.048469,2
14,0.035481,2
15,0.054120,3
16,0.074760,3
17,0.069427,3
18,0.046218,2
19,0.012755,2
20,0.058390,2
21,0.056337,2
22,0.033730,1
23,0.054705,2
24,0.037097,2
