id,p
0,0.025206
1,0.000041
2,0.000001
3,0.096229
4,0.000065
5,0.000016
6,0.000004
7,0.000041
8,0.000016
9,0.000367
10,0.044370
11,0.000000
12,0.000000
13,0.000158
14,0.010020
15,0.000041
16,0.000000
17,0.000000
18,0.000000
19,0.235111
20,0.000041
21,0.000001
22,0.002548
23,0.000001
24,0.005155
