{
    "distance": 0.052065,
    "n_actions": 0.988506
}