id,p
0,0.000000
1,0.000000
2,0.000023
3,0.000001
4,0.011553
5,0.000088
6,0.000086
7,0.000000
8,0.000000
9,0.000088
10,0.000000
11,0.000006
12,0.000000
13,0.000000
14,0.000000
15,0.000000
16,0.000000
17,0.000000
18,0.000933
19,0.000000
20,0.196996
21,0.000000
22,0.000000
23,0.000000
24,0.000000
