id,distance,n_actions
0,0.074343,3
1,0.012305,3
2,0.010679,4
3,0.054855,4
4,0.040697,2
5,0.055366,4
6,0.004648,2
7,0.028618,2
8,0.035253,2
9,0.054544,4
10,0.012028,3
11,0.002361,2
12,0.012656,3
13,0.073357,3
14,0.040564,2
15,0.028725,2
16,0.001096,2
17,0.011859,2
18,0.042024,2
19,0.027868,2
20,0.045023,4
21,0.046711,3
22,0.039735,2
23,0.069276,3
24,0.027597,2
