id,p
0,0.000120
1,0.180169
2,0.007005
3,0.007005
4,0.002815
5,0.007005
6,0.000000
7,0.953836
8,1.000000
9,0.002815
10,0.010766
11,1.000000
12,0.010766
13,0.890414
14,0.071234
15,0.987470
16,1.000000
17,0.998422
18,0.237127
19,0.987470
20,0.000000
21,0.000000
22,0.000368
23,0.001054
24,1.000000
