id,distance,n_actions
0,0.074404,3
1,0.014199,2
2,0.004806,2
3,0.059987,3
4,0.045563,4
5,0.055366,4
6,0.025554,2
7,0.068887,4
8,0.035253,2
9,0.054544,4
10,0.005118,2
11,0.040161,3
12,0.010960,3
13,0.074160,3
14,0.040564,2
15,0.028725,2
16,0.038916,3
17,0.048394,4
18,0.042024,2
19,0.067085,4
20,0.021287,2
21,0.055789,2
22,0.039735,2
23,0.046854,3
24,0.027597,2
