id,p
0,0.237127
1,0.134527
2,0.010766
3,0.098734
4,0.050522
5,0.071234
6,0.696680
7,0.035223
8,0.071234
9,0.071234
10,0.035223
11,0.388957
12,0.000000
13,0.071234
14,0.180169
15,0.071234
16,0.134527
17,0.001738
18,0.180169
19,0.180169
20,0.050522
21,0.696680
22,0.004479
23,0.071234
24,0.071234
