{
    "distance": 0.032733,
    "n_actions": 1.469565
}