{
    "distance": 0.032647,
    "n_actions": 1.880952
}