id,p
0,0.000000
1,0.000000
2,0.000000
3,0.000000
4,0.000000
5,0.000000
6,0.000000
7,0.000000
8,0.001199
9,0.001199
10,0.000000
11,0.000000
12,0.000014
13,0.000000
14,0.000000
15,0.001199
16,0.001199
17,0.000000
18,0.000000
19,0.000000
20,0.000000
21,0.001199
22,0.001199
23,0.000000
24,0.000000
25,0.000000
