{
    "distance": 0.051219,
    "n_actions": 2.346154
}