id,distance,n_actions
0,0.036785,3
1,0.087072,3
2,0.087677,3
3,0.057541,2
4,0.087563,3
5,0.043139,3
6,0.026561,3
7,0.043168,3
8,0.041620,1
9,0.041624,1
10,0.045393,3
11,0.088144,3
12,0.041608,1
13,0.086637,3
14,0.036868,3
15,0.041628,1
16,0.041632,1
17,0.042979,3
18,0.043576,3
19,0.057545,2
20,0.034606,3
21,0.041591,1
22,0.041644,1
23,0.076905,3
24,0.036298,3
25,0.021886,2
