id,p
0,0.006656
1,0.000905
2,0.000905
3,0.052509
4,0.000905
5,0.000905
6,0.010449
7,0.000002
8,0.258888
9,0.258888
10,0.004160
11,0.000905
12,0.258888
13,0.006656
14,0.002551
15,0.052509
16,0.105169
17,0.000000
18,0.000000
19,0.195423
20,0.002551
21,0.258888
22,0.000905
23,0.000000
24,0.004160
25,0.996978
