id,p
0,0.002557
1,0.001114
2,0.001114
3,0.005571
4,0.000180
5,0.002557
6,0.038180
7,0.000180
8,0.001114
9,0.000180
