id,distance,n_actions
0,0.024524,3
1,0.029615,3
2,0.021967,3
3,0.021454,3
4,0.014072,4
5,0.008054,3
6,0.023077,4
7,0.023250,4
8,0.022928,4
9,0.016427,4
