{
    "distance": 0.126126,
    "n_actions": 1.267442
}