{
    "distance": 0.300543,
    "n_actions": 2.703704
}