{
    "distance": 0.031532,
    "n_actions": 1.434783
}