{
    "0.05": 0.942029,
    "0.01": 0.942029,
    "0.005": 0.942029,
    "0.001": 0.942029
}