{
    "distance": 0.351364,
    "n_actions": 3.038835
}