{
    "0.05": 1.0,
    "0.01": 1.0,
    "0.005": 0.980583,
    "0.001": 0.970874
}