{
    "distance": 0.035909,
    "n_actions": 1.478261
}