{
    "0.05": 0.57971,
    "0.01": 0.536232,
    "0.005": 0.536232,
    "0.001": 0.521739
}