id,p
0,0.000000
1,0.000000
2,0.000000
3,0.000000
4,0.000000
5,0.000001
6,0.000772
7,0.000000
8,0.000001
9,0.000000
10,0.000000
11,0.003891
12,0.001775
13,0.000000
14,0.000000
15,0.000000
16,0.000001
17,0.000000
18,0.000029
19,0.000000
