{
    "distance": 0.014956,
    "n_actions": 3.526316
}