id,distance,n_actions
0,0.011999,4
1,0.012604,4
2,0.029662,4
3,0.018676,2
4,0.024855,4
5,0.016731,3
6,0.003997,4
7,0.002306,3
8,0.017718,4
9,0.005988,4
10,0.014500,3
11,0.007346,3
12,0.024246,4
13,0.031092,4
14,0.013999,3
15,0.025837,4
16,0.006319,3
17,0.012082,3
18,0.004212,4
