{
    "distance": 0.023273,
    "n_actions": 1.095238
}