{
    "0.05": 1.0,
    "0.01": 0.97619,
    "0.005": 0.97619,
    "0.001": 0.928571
}