{
    "distance": 0.144363,
    "n_actions": 1.083333
}