{
    "distance": 0.030093,
    "n_actions": 1.714286
}