{
    "distance": 0.06581,
    "n_actions": 3.153846
}