id,p
0,0.084217
1,0.554769
2,0.158713
3,0.450478
4,0.084217
5,0.212021
6,0.278012
7,0.116662
8,0.084217
9,0.084217
10,0.357561
11,0.019092
12,0.278012
13,0.450478
14,0.665725
15,0.278012
16,0.212021
17,0.059708
18,0.665725
19,0.278012
20,0.041575
21,0.554769
22,0.278012
23,0.665725
24,0.158713
25,0.278012
