{
    "distance": 0.032219,
    "n_actions": 1.495652
}