{
    "0.05": 0.958333,
    "0.01": 0.958333,
    "0.005": 0.958333,
    "0.001": 0.916667
}