id,p
0,0.000000
1,0.000000
2,0.000001
3,0.000001
4,0.000072
5,0.000029
6,0.000011
7,0.000000
8,0.000029
9,0.000173
10,0.000112
11,0.000001
12,0.000000
13,0.000000
14,1.000000
15,0.000000
16,0.000001
17,0.000112
18,0.000000
19,0.000000
20,0.001301
21,0.000011
22,0.000004
23,0.000598
