id,distance,n_actions
0,0.085360,3
1,0.040226,2
2,0.045135,3
3,0.039899,2
4,0.013041,2
5,0.043868,3
6,0.012362,2
7,0.036941,2
8,0.041045,2
9,0.039461,2
10,0.053252,3
11,0.086909,3
12,0.011135,2
13,0.021643,2
14,0.055338,2
15,0.000937,1
16,0.085939,3
17,0.046759,3
18,0.075113,4
19,0.054714,2
20,0.000906,3
21,0.066586,2
22,0.047682,3
23,0.001833,4
24,0.085380,3
