id,p
0,0.000342
1,0.000000
2,1.000000
3,0.176560
4,0.131502
5,1.000000
6,0.006676
7,0.000000
8,0.176560
9,1.000000
10,0.000110
11,0.006676
12,0.691700
13,0.034039
14,0.000001
15,0.952209
16,0.000000
17,0.023252
18,0.000110
19,0.000110
20,0.797056
21,0.000196
22,0.000000
23,0.034039
24,0.000342
