{
    "0.05": 0.804598,
    "0.01": 0.724138,
    "0.005": 0.689655,
    "0.001": 0.609195
}