{
    "distance": 0.029089,
    "n_actions": 1.928571
}