{
    "distance": 0.065991,
    "n_actions": 3.653846
}