id,p
0,0.871642
1,0.943206
2,0.871642
3,0.871642
4,0.212021
5,0.278012
6,0.871642
7,0.871642
8,0.983436
9,0.871642
10,1.000000
11,0.871642
12,0.871642
13,0.871642
14,0.983436
15,0.871642
16,0.999919
17,0.871642
18,0.997669
19,0.212021
20,0.871642
21,0.983436
22,0.871642
23,0.871642
24,0.116662
25,0.943206
