{
    "distance": 0.017313,
    "n_actions": 1.842105
}