{
    "0.05": 0.947368,
    "0.01": 0.947368,
    "0.005": 0.947368,
    "0.001": 0.947368
}