id,distance,n_actions
0,0.070011,2
1,0.053855,2
2,0.051177,2
3,0.072279,2
4,0.076531,2
5,0.032313,2
6,0.037982,2
7,0.065476,1
8,0.064929,2
9,0.054461,2
10,0.015873,1
11,0.076286,2
12,0.081633,2
13,0.020125,2
14,0.047619,2
15,0.069034,2
16,0.042517,2
17,0.049466,2
18,0.089286,1
19,0.072562,2
20,0.051871,2
21,0.053855,2
22,0.038549,2
23,0.055272,2
