id,p
0,0.000000
1,0.000004
2,0.000012
3,0.000001
4,0.000000
5,0.002806
6,0.000076
7,0.000000
8,0.000001
9,0.000416
10,0.005619
11,0.000001
12,0.000000
13,0.002806
14,0.005619
15,0.000000
16,0.000076
17,0.000001
18,0.000000
19,0.000118
20,0.000012
21,0.000076
22,0.000416
23,0.000076
