id,p
0,0.000004
1,0.000000
2,0.000000
3,0.000582
4,0.000000
5,0.000000
6,0.000099
7,0.000000
8,0.000038
9,0.000000
