id,distance,n_actions
0,0.021892,3
1,0.034957,3
2,0.047727,2
3,0.055114,3
4,0.058766,3
5,0.046861,3
6,0.043642,3
7,0.026623,2
8,0.036607,2
9,0.051948,3
