id,p
0,0.684678
1,0.052751
2,0.084619
3,0.131223
4,0.031786
5,0.131223
6,0.284934
7,0.018509
8,0.284934
9,0.031786
