{
    "distance": 0.151924,
    "n_actions": 1.518519
}