id,p
0,0.000000
1,0.000000
2,0.000000
3,0.000000
4,0.000000
5,0.008722
6,0.000000
7,0.000501
8,0.004106
9,0.000000
10,0.000026
11,0.000074
12,0.000000
13,0.000002
14,0.000000
15,0.000000
16,0.000000
17,0.000501
18,0.000000
19,0.000000
20,0.000000
21,0.000000
22,0.000501
23,0.000000
