{
    "distance": 0.056441,
    "n_actions": 1.958333
}