id,distance,n_actions
0,0.072865,2
1,0.053855,2
2,0.051177,2
3,0.072279,2
4,0.055419,2
5,0.045361,2
6,0.056449,3
7,0.065476,1
8,0.064929,2
9,0.070917,3
10,0.045498,2
11,0.076286,2
12,0.081633,2
13,0.070334,2
14,0.047619,2
15,0.018141,1
16,0.042517,2
17,0.049466,2
18,0.031746,1
19,0.072562,2
20,0.051871,2
21,0.053855,2
22,0.049056,2
23,0.055272,2
