{
    "distance": 0.127653,
    "n_actions": 1.781818
}