{
    "distance": 0.138265,
    "n_actions": 1.020833
}