{
    "0.05": 0.893204,
    "0.01": 0.893204,
    "0.005": 0.893204,
    "0.001": 0.883495
}