{
    "distance": 0.046385,
    "n_actions": 1.409091
}