{
    "0.05": 0.397727,
    "0.01": 0.363636,
    "0.005": 0.363636,
    "0.001": 0.329545
}