id,distance,n_actions
0,0.044077,2
1,0.164137,2
2,0.091522,2
3,0.064364,1
4,0.088314,2
5,0.043706,2
6,0.182695,2
7,0.225696,3
8,0.129715,2
9,0.052207,2
10,0.219674,3
11,0.052276,2
12,0.030798,2
13,0.042560,1
14,0.084818,2
15,0.047096,1
16,0.129715,2
17,0.280573,3
18,0.077067,2
19,0.031838,1
