{
    "distance": 0.231623,
    "n_actions": 2.116505
}