{
    "0.05": 0.951456,
    "0.01": 0.932039,
    "0.005": 0.912621,
    "0.001": 0.864078
}