id,p
0,0.000000
1,0.000000
2,0.000003
3,0.000064
4,0.000002
5,0.000002
6,0.000003
7,0.000001
8,0.000000
9,0.000000
