id,p
0,0.796780
1,0.108604
2,0.108604
3,0.023776
4,0.490925
5,0.167569
6,0.249273
7,0.999999
8,0.249273
9,0.108604
