{
    "distance": 0.03656,
    "n_actions": 1.298851
}