{
    "0.05": 0.931034,
    "0.01": 0.908046,
    "0.005": 0.896552,
    "0.001": 0.827586
}