{
    "distance": 0.03401,
    "n_actions": 1.985294
}