{
    "0.05": 0.926471,
    "0.01": 0.911765,
    "0.005": 0.882353,
    "0.001": 0.852941
}