{
    "distance": 0.336338,
    "n_actions": 2.737864
}