id,distance,n_actions
0,0.011053,4
1,0.041993,3
2,0.062811,3
3,0.053513,3
4,0.035808,3
5,0.042780,3
6,0.014201,2
7,0.020720,2
8,0.035677,3
9,0.010423,3
10,0.048341,3
11,0.059162,4
12,0.035642,3
13,0.020528,2
14,0.020461,2
15,0.053568,2
16,0.059689,4
17,0.026210,2
18,0.087352,3
19,0.000126,2
20,0.042473,3
21,0.054644,3
22,0.035702,3
23,0.042060,3
24,0.042563,3
