id,p
0,0.059708
1,0.554769
2,0.028430
3,0.059708
4,0.028430
5,0.000071
6,0.041575
7,0.084217
8,0.554769
9,0.000071
10,0.041575
11,0.059708
12,0.028430
13,0.212021
14,0.028430
15,0.041575
16,0.000003
17,0.000020
18,0.028430
19,0.000407
20,0.450478
21,0.001192
22,0.041575
23,0.665725
24,0.450478
