{
    "distance": 0.024711,
    "n_actions": 1.396552
}