{
    "0.05": 0.87069,
    "0.01": 0.87069,
    "0.005": 0.87069,
    "0.001": 0.87069
}