{
    "distance": 0.29779,
    "n_actions": 2.388889
}