{
    "distance": 0.051374,
    "n_actions": 1.352273
}