{
    "0.05": 0.227273,
    "0.01": 0.227273,
    "0.005": 0.227273,
    "0.001": 0.227273
}