{
    "distance": 0.006657,
    "n_actions": 0.976744
}