{
    "0.05": 0.767442,
    "0.01": 0.674419,
    "0.005": 0.674419,
    "0.001": 0.488372
}