id,p
0,0.002175
1,0.120163
2,0.000000
3,0.069921
4,0.000000
5,0.004834
6,0.000000
7,0.000039
8,0.000000
9,0.000000
