id,p
0,0.005124
1,0.080305
2,1.000000
3,0.017117
4,0.009534
5,0.029670
6,1.000000
7,0.674845
8,0.005124
9,1.000000
