id,distance,n_actions
0,0.005562,2
1,0.038435,2
2,0.018262,2
3,0.003948,2
4,0.015552,2
5,0.010822,2
6,0.028837,2
7,0.026748,2
8,0.035075,2
9,0.028801,2
10,0.027914,2
11,0.003663,2
12,0.029349,2
13,0.013603,2
14,0.029216,2
15,0.003358,2
16,0.036097,2
17,0.011406,2
18,0.023102,2
