id,distance,n_actions
0,0.020611,2
1,0.040824,1
2,0.000273,1
3,0.040443,1
4,0.074794,3
5,0.021829,2
6,0.008633,1
7,0.008778,1
8,0.003726,1
9,0.000300,1
10,0.003397,1
11,0.020550,2
12,0.008611,4
13,0.014877,2
14,0.006781,1
15,0.021818,2
16,0.025781,1
17,0.025955,1
18,0.009097,1
19,0.009943,1
20,0.034967,4
21,0.010089,1
22,0.034470,4
23,0.039355,1
24,0.035579,4
