id,p
0,0.045947
1,0.125508
2,0.292314
3,0.292314
4,0.169380
5,0.006049
6,0.467224
7,0.065366
8,0.045947
9,0.292314
10,0.125508
11,0.467224
12,0.125508
13,0.125508
14,0.881379
15,0.373353
16,0.292314
17,0.292314
18,0.467224
19,0.065366
20,0.009402
21,0.169380
22,0.009402
23,0.009402
24,0.009402
