{
    "distance": 0.140062,
    "n_actions": 1.083333
}