id,distance,n_actions
0,0.000019,1
1,0.054229,3
2,0.079476,3
3,0.000019,1
4,0.000023,1
5,0.000023,1
6,0.007048,1
7,0.000040,1
8,0.078975,3
9,0.082126,3
10,0.024485,3
11,0.079598,3
12,0.007703,1
13,0.025615,2
14,0.025749,3
15,0.000020,1
16,0.045903,3
17,0.021484,2
18,0.007768,1
19,0.000047,1
20,0.024852,3
21,0.000040,1
22,0.000031,1
23,0.005984,1
24,0.079962,3
