id,p
0,0.887478
1,0.006676
2,0.069256
3,0.301818
4,0.232931
5,0.002661
6,0.096259
7,0.023252
8,0.301818
9,0.232931
10,0.383777
11,0.069256
12,0.096259
13,0.002661
14,0.015610
15,0.383777
16,0.048975
17,0.383777
18,0.096259
19,0.232931
20,0.006676
21,0.096259
22,0.096259
23,0.096259
24,0.069256
