{
    "distance": 0.01325,
    "n_actions": 0.947368
}