{
    "distance": 0.029065,
    "n_actions": 1.738095
}