{
    "distance": 0.028963,
    "n_actions": 1.609756
}