{
    "0.05": 0.902439,
    "0.01": 0.902439,
    "0.005": 0.902439,
    "0.001": 0.878049
}