id,distance,n_actions
0,0.026909,1
1,0.039085,1
2,0.026945,1
3,0.021008,4
4,0.083174,2
5,0.083125,2
6,0.041653,1
7,0.152616,4
8,0.020665,4
9,0.041638,1
10,0.027897,1
11,0.070769,4
12,0.151114,4
13,0.020742,4
14,0.000013,1
15,0.041650,1
16,0.004148,3
17,0.015317,4
18,0.004445,4
19,0.151898,4
20,0.000997,1
21,0.020701,4
22,0.014878,4
23,0.037738,1
24,0.151431,4
25,0.041631,1
