id,p
0,0.997669
1,0.871642
2,0.983436
3,0.003234
4,0.450478
5,0.665725
6,0.983436
7,0.012590
8,0.003234
9,0.357561
10,0.943206
11,0.084217
12,0.084217
13,0.001192
14,1.000000
15,0.983436
16,1.000000
17,0.084217
18,0.003234
19,0.012590
20,0.554769
21,0.000703
22,0.158713
23,1.000000
24,0.000038
25,0.997669
