{
    "0.05": 0.307692,
    "0.01": 0.230769,
    "0.005": 0.230769,
    "0.001": 0.076923
}