{
    "distance": 0.13724,
    "n_actions": 1.061224
}