id,p
0,0.160406
1,0.000927
2,0.000927
3,0.012171
4,0.000927
5,0.000927
6,0.160406
7,0.000927
8,0.000927
9,0.038180
