id,distance,n_actions
0,0.018645,2
1,0.017608,3
2,0.047733,3
3,0.026239,2
4,0.024206,3
5,0.024444,3
6,0.020378,2
7,0.030543,3
8,0.014161,3
9,0.013108,2
