{
    "distance": 0.130233,
    "n_actions": 1.27907
}