{
    "distance": 0.056083,
    "n_actions": 1.454545
}