{
    "0.05": 0.431818,
    "0.01": 0.318182,
    "0.005": 0.272727,
    "0.001": 0.238636
}