id,distance,n_actions
0,0.044079,2
1,0.063683,1
2,0.150435,2
3,0.049470,2
4,0.088397,2
5,0.033980,2
6,0.186807,2
7,0.185483,2
8,0.075818,2
9,0.074884,2
10,0.110161,2
11,0.188131,2
12,0.192683,2
13,0.031948,1
14,0.235833,3
15,0.182834,2
16,0.237157,3
17,0.170833,2
18,0.181510,2
19,0.166860,2
