id,p
0,0.000001
1,0.000000
2,0.000048
3,0.000000
4,0.000000
5,0.125911
6,0.000000
7,0.000000
8,0.125911
9,0.125911
10,0.000000
11,0.000048
12,0.000127
13,0.000000
14,0.000000
15,1.000000
16,0.000000
17,0.000000
18,0.000000
19,0.002644
