{
    "distance": 0.143673,
    "n_actions": 1.520833
}