{
    "distance": 0.129062,
    "n_actions": 0.916667
}