{
    "0.05": 0.020833,
    "0.01": 0.020833,
    "0.005": 0.020833,
    "0.001": 0.020833
}