{
    "distance": 0.213086,
    "n_actions": 2.166667
}