id,p
0,0.089735
1,0.388766
2,0.105914
3,0.005810
4,0.025582
5,0.154674
6,0.005810
7,0.036122
8,0.025582
9,0.383387
