id,distance,n_actions
0,0.028764,3
1,0.037290,3
2,0.039776,4
3,0.029491,3
4,0.050599,4
5,0.032589,3
6,0.035445,4
7,0.031466,4
8,0.036265,4
9,0.042532,3
