id,p
0,0.000000
1,0.000001
2,0.000000
3,0.000000
4,0.000000
5,0.000000
6,0.000001
7,0.067884
8,0.000000
9,0.000000
