{
    "distance": 0.036843,
    "n_actions": 1.373913
}