{
    "0.05": 0.730435,
    "0.01": 0.730435,
    "0.005": 0.730435,
    "0.001": 0.669565
}