{
    "distance": 0.037197,
    "n_actions": 2.147059
}