{
    "distance": 0.082123,
    "n_actions": 2.210526
}