{
    "distance": 0.196255,
    "n_actions": 1.776699
}