{
    "0.05": 0.990291,
    "0.01": 0.990291,
    "0.005": 0.990291,
    "0.001": 0.990291
}