{
    "distance": 0.029404,
    "n_actions": 1.485294
}