{
    "0.05": 0.823529,
    "0.01": 0.75,
    "0.005": 0.75,
    "0.001": 0.632353
}