{
    "distance": 0.016736,
    "n_actions": 1.423077
}