id,distance,n_actions
0,0.086233,3
1,0.009897,2
2,0.013697,1
3,0.000660,1
4,0.015254,2
5,0.001216,1
6,0.001039,2
7,0.012949,1
8,0.013211,1
9,0.000055,1
10,0.009917,1
11,0.000454,1
12,0.059955,2
13,0.013273,2
14,0.000922,1
15,0.012979,2
16,0.000288,1
17,0.013857,1
18,0.072315,2
19,0.000388,1
20,0.001849,1
21,0.000659,1
22,0.008763,1
23,0.045594,2
24,0.000603,1
25,0.039101,2
