{
    "0.05": 0.192308,
    "0.01": 0.115385,
    "0.005": 0.115385,
    "0.001": 0.0
}