id,p
0,0.148190
1,0.054270
2,0.077274
3,0.341598
4,0.263672
5,0.263672
6,0.002711
7,0.537410
8,0.263672
9,0.341598
10,0.761010
11,0.004402
12,0.010961
13,0.077274
14,0.263672
15,0.002711
16,0.263672
17,0.077274
18,0.077274
19,0.341598
20,0.025318
21,0.263672
22,0.761010
23,0.537410
24,0.148190
25,0.649260
