{
    "distance": 0.140465,
    "n_actions": 1.104167
}