{
    "distance": 0.052485,
    "n_actions": 2.017241
}