id,distance,n_actions
0,0.077107,2
1,0.086754,3
2,0.043478,1
3,0.115969,3
4,0.021689,2
5,0.047482,3
6,0.073002,3
7,0.020531,1
8,0.077985,2
9,0.045635,2
10,0.074713,2
11,0.035030,2
12,0.038647,1
13,0.067050,2
14,0.035024,1
15,0.055282,3
16,0.008454,1
17,0.061234,2
18,0.045498,3
19,0.032609,1
20,0.058661,2
21,0.010870,1
22,0.079091,3
23,0.065476,2
