{
    "distance": 0.101315,
    "n_actions": 2.964912
}