{
    "distance": 0.034001,
    "n_actions": 1.833333
}