{
    "distance": 0.088118,
    "n_actions": 2.396552
}