{
    "distance": 0.01083,
    "n_actions": 1.052632
}