{
    "0.05": 0.421053,
    "0.01": 0.421053,
    "0.005": 0.421053,
    "0.001": 0.421053
}