{
    "distance": 0.053587,
    "n_actions": 1.095238
}