id,p
0,0.002835
1,0.000504
2,0.000005
3,0.005842
4,0.000000
5,0.000026
6,0.000000
7,0.040156
8,0.000005
9,0.000000
