id,distance,n_actions
0,0.034821,2
1,0.027381,2
2,0.013609,2
3,0.043750,2
4,0.047431,3
5,0.046861,3
6,0.027002,3
7,0.026623,2
8,0.055547,3
9,0.035714,2
