id,p
0,0.684678
1,0.000000
2,1.000000
3,0.000005
4,0.084619
5,0.084619
6,1.000000
7,0.000068
8,0.000000
9,0.052751
