{
    "distance": 0.081445,
    "n_actions": 1.721739
}