id,p
0,0.052669
1,0.052669
2,0.054453
3,0.030533
4,0.052669
5,0.087350
6,0.087350
7,0.030533
8,0.052669
9,0.052669
