id,distance,n_actions
0,0.000016,1
1,0.003098,1
2,0.001393,1
3,0.001377,1
4,0.002011,1
5,0.009377,1
6,0.012501,1
7,0.001103,1
8,0.009504,1
9,0.003288,1
