id,p
0,0.000927
1,0.000927
2,0.231441
3,0.231441
4,0.000927
5,0.000927
6,0.231441
7,0.231441
8,0.000927
9,0.000927
