id,distance,n_actions
0,0.020123,3
1,0.021778,3
2,0.021107,3
3,0.034668,3
4,0.015286,2
5,0.020653,3
6,0.034914,3
7,0.051630,3
8,0.032313,3
9,0.048494,3
