id,p
0,0.999306
1,0.999306
2,0.999306
3,0.643761
4,0.999999
5,0.983959
6,0.919168
7,0.983959
8,0.983959
9,0.643761
