id,p
0,0.046271
1,0.025096
2,0.002983
3,0.000224
4,0.000224
5,0.217919
6,0.012966
7,0.081322
8,0.046271
9,0.012966
