id,distance,n_actions
0,0.008741,1
1,0.009637,1
2,0.012593,2
3,0.018484,2
4,0.007845,1
5,0.009606,1
6,0.003676,1
7,0.003243,1
8,0.001174,1
9,0.001560,1
