{
    "distance": 0.018295,
    "n_actions": 1.842105
}