id,distance,n_actions
0,0.037556,2
1,0.021137,1
2,0.037773,2
3,0.007580,1
4,0.010715,2
5,0.016587,2
6,0.006206,3
7,0.028784,2
8,0.028940,2
9,0.034399,2
10,0.014577,1
11,0.014174,3
12,0.012464,3
13,0.007029,2
14,0.014505,2
15,0.010569,2
16,0.006414,1
17,0.019971,1
18,0.018222,1
