{
    "0.05": 0.578947,
    "0.01": 0.578947,
    "0.005": 0.578947,
    "0.001": 0.578947
}