{
    "distance": 0.00534,
    "n_actions": 0.930233
}