{
    "distance": 0.063805,
    "n_actions": 2.284091
}