{
    "0.05": 0.988636,
    "0.01": 0.988636,
    "0.005": 0.977273,
    "0.001": 0.965909
}