id,distance,n_actions
0,0.047052,2
1,0.076531,2
2,0.058072,3
3,0.037982,2
4,0.041667,1
5,0.020975,2
6,0.073344,2
7,0.058123,2
8,0.043513,3
9,0.078798,2
10,0.055839,2
11,0.069728,2
12,0.063424,2
13,0.038832,2
14,0.018991,2
15,0.039683,1
16,0.059455,2
17,0.036281,2
18,0.056139,2
19,0.059455,2
20,0.067392,2
21,0.049603,1
22,0.063218,2
23,0.083196,2
