{
    "distance": 0.054054,
    "n_actions": 1.958333
}