{
    "distance": 0.032911,
    "n_actions": 0.94186
}