{
    "0.05": 0.860465,
    "0.01": 0.709302,
    "0.005": 0.709302,
    "0.001": 0.604651
}