{
    "distance": 0.122548,
    "n_actions": 1.203704
}