{
    "distance": 0.035025,
    "n_actions": 1.970588
}