{
    "0.05": 0.926471,
    "0.01": 0.926471,
    "0.005": 0.926471,
    "0.001": 0.926471
}