{
    "distance": 0.03426,
    "n_actions": 1.391304
}