{
    "0.05": 0.434783,
    "0.01": 0.434783,
    "0.005": 0.434783,
    "0.001": 0.434783
}