id,p
0,0.160406
1,0.160406
2,0.000000
3,0.021967
4,0.000374
5,0.000927
6,0.000051
7,0.240352
8,0.103150
9,0.103150
