id,distance,n_actions
0,0.018645,2
1,0.018468,2
2,0.047733,3
3,0.026239,2
4,0.024206,3
5,0.024444,3
6,0.021394,3
7,0.035073,2
8,0.011563,2
9,0.013108,2
