id,p
0,0.999402
1,1.000000
2,0.502056
3,1.000000
4,1.000000
5,0.985367
6,1.000000
7,0.923938
8,1.000000
9,1.000000
