id,distance,n_actions
0,0.074404,3
1,0.012334,4
2,0.010679,4
3,0.064584,3
4,0.115643,4
5,0.064550,3
6,0.078373,3
7,0.024179,3
8,0.074149,3
9,0.063862,3
10,0.011847,4
11,0.063955,3
12,0.012618,4
13,0.074160,3
14,0.114075,4
15,0.023403,3
16,0.064408,3
17,0.012321,4
18,0.115668,4
19,0.023659,3
20,0.112873,4
21,0.078125,3
22,0.113684,4
23,0.078455,3
24,0.023293,3
