{
    "distance": 0.098601,
    "n_actions": 2.810345
}