{
    "distance": 0.244105,
    "n_actions": 2.038835
}