{
    "0.05": 0.864078,
    "0.01": 0.747573,
    "0.005": 0.747573,
    "0.001": 0.650485
}