id,p
0,0.000000
1,0.000030
2,0.000489
3,0.000000
4,0.000000
5,0.000001
6,0.000000
7,0.000000
8,0.000000
9,0.000021
