id,distance,n_actions
0,0.021925,2
1,0.041923,4
2,0.022871,3
3,0.060524,4
4,0.046642,3
5,0.053413,4
6,0.066613,4
7,0.024733,2
8,0.010081,2
9,0.001992,2
