id,p
0,0.932679
1,0.932679
2,0.189370
3,0.049664
4,0.049664
5,0.049664
6,0.080305
7,1.000000
8,1.000000
9,1.000000
