id,p
0,0.346614
1,0.000927
2,0.000927
3,0.000927
4,0.346614
5,0.000927
6,0.000927
7,0.346614
8,0.000927
9,0.000927
