id,distance,n_actions
0,0.018645,2
1,0.017608,3
2,0.047733,3
3,0.018438,3
4,0.024322,2
5,0.024444,3
6,0.021394,3
7,0.035073,2
8,0.014161,3
9,0.009907,3
