id,p
0,0.923938
1,1.000000
2,0.805191
3,1.000000
4,0.923938
5,0.985367
6,1.000000
7,0.654390
8,1.000000
9,1.000000
