{
    "distance": 0.108441,
    "n_actions": 1.709091
}