{
    "0.05": 0.945455,
    "0.01": 0.945455,
    "0.005": 0.945455,
    "0.001": 0.945455
}