id,p
0,0.000000
1,0.000000
2,0.000000
3,0.000320
4,0.000017
5,0.000320
6,0.000000
7,0.000000
8,0.000000
9,0.000000
10,0.000002
11,0.000000
12,0.000000
13,0.000772
14,0.000000
15,0.000000
16,0.000000
17,0.000000
18,0.000000
19,0.000000
