id,distance,n_actions
0,0.042016,2
1,0.041661,2
2,0.047714,2
3,0.048572,2
4,0.031459,2
5,0.032113,2
6,0.048443,2
7,0.047720,2
8,0.120637,3
9,0.031313,2
10,0.047730,2
11,0.031718,2
12,0.031607,2
13,0.048661,2
14,0.047783,2
15,0.047903,2
16,0.121498,3
17,0.047684,2
18,0.031674,2
19,0.047834,2
20,0.119315,3
21,0.048481,2
22,0.119531,3
23,0.047451,2
