{
    "distance": 0.055438,
    "n_actions": 2.166667
}