id,p
0,0.986872
1,0.986872
2,0.986872
3,0.998316
4,0.998316
5,1.000000
6,0.998316
7,0.986872
8,1.000000
9,0.998316
10,0.986872
11,0.998316
12,0.998316
13,0.998316
14,0.986872
15,0.986872
16,1.000000
17,0.986872
18,0.998316
19,0.986872
20,1.000000
21,0.998316
22,1.000000
23,0.986872
