id,distance,n_actions
0,0.047730,3
1,0.046497,3
2,0.030128,2
3,0.043894,3
4,0.035256,2
5,0.031156,3
6,0.051664,3
7,0.039834,3
8,0.027050,3
9,0.030769,2
