id,p
0,0.093486
1,0.418038
2,0.211521
3,0.059172
4,0.059172
5,0.093486
6,0.059172
7,0.211521
8,1.000000
9,0.093486
