{
    "distance": 0.053359,
    "n_actions": 2.541667
}