id,distance,n_actions
0,0.065786,3
1,0.038282,2
2,0.073723,3
3,0.021278,2
4,0.021552,2
5,0.037562,2
6,0.027641,2
7,0.068044,2
8,0.051177,2
9,0.083949,2
10,0.055035,4
11,0.055419,2
12,0.109179,3
13,0.090676,4
14,0.042250,2
15,0.044681,3
16,0.068623,2
17,0.051467,4
18,0.040846,2
19,0.045498,2
20,0.027951,3
21,0.102973,3
22,0.021552,2
23,0.035477,3
