id,p
0,0.000000
1,0.000000
2,0.000008
3,0.000434
4,0.000008
5,0.000000
6,0.000014
7,0.000000
8,0.000048
9,0.000000
10,0.000000
11,0.000000
12,0.000000
13,0.000000
14,0.000000
15,0.000000
16,0.016150
17,0.000000
18,0.000085
19,0.000000
20,0.000000
21,0.000014
22,0.000000
23,0.001901
