{
    "distance": 0.056154,
    "n_actions": 2.333333
}