id,p
0,0.000000
1,0.002557
2,0.006491
3,0.788036
4,0.003331
5,0.240352
6,0.000000
7,0.000000
8,0.103150
9,0.632858
