id,distance,n_actions
0,0.030254,3
1,0.034395,4
2,0.018192,3
3,0.032126,3
4,0.022763,4
5,0.014313,3
6,0.021259,2
7,0.012312,3
8,0.024822,4
9,0.014251,3
