id,p
0,0.000218
1,0.000094
2,0.025664
3,0.000218
4,0.000000
5,0.000482
6,0.000016
7,0.004163
8,0.007920
9,0.043745
