{
    "distance": 0.052709,
    "n_actions": 0.988506
}