{
    "0.05": 0.908046,
    "0.01": 0.770115,
    "0.005": 0.770115,
    "0.001": 0.758621
}