{
    "0.05": 0.759259,
    "0.01": 0.685185,
    "0.005": 0.685185,
    "0.001": 0.666667
}