{
    "distance": 0.020493,
    "n_actions": 1.130435
}