{
    "0.05": 0.408696,
    "0.01": 0.408696,
    "0.005": 0.408696,
    "0.001": 0.278261
}