{
    "distance": 0.115493,
    "n_actions": 1.255814
}