{
    "distance": 0.064821,
    "n_actions": 2.363636
}