{
    "distance": 0.021717,
    "n_actions": 1.06087
}