{
    "0.05": 0.947826,
    "0.01": 0.947826,
    "0.005": 0.947826,
    "0.001": 0.913043
}