id,distance,n_actions
0,0.003686,2
1,0.058579,3
2,0.079478,2
3,0.046931,3
4,0.006479,2
5,0.007226,3
6,0.034440,3
7,0.003711,1
8,0.007032,3
9,0.079369,2
10,0.005085,2
11,0.079400,2
12,0.005109,2
13,0.079292,2
14,0.008712,2
15,0.005610,2
16,0.006997,3
17,0.034191,3
18,0.079443,2
19,0.047515,2
20,0.006641,3
21,0.005026,2
22,0.046565,3
23,0.007157,3
24,0.007197,3
25,0.079378,2
