{
    "distance": 0.031933,
    "n_actions": 2.384615
}