{
    "0.05": 0.038462,
    "0.01": 0.038462,
    "0.005": 0.038462,
    "0.001": 0.038462
}