id,p
0,0.980064
1,0.934841
2,0.000905
3,0.756119
4,1.000000
5,0.934841
6,0.857481
7,1.000000
8,0.857481
9,0.996978
10,1.000000
11,0.996978
12,1.000000
13,0.996978
14,0.934841
15,1.000000
16,0.980064
17,0.857481
18,0.075010
19,0.996978
20,0.934841
21,1.000000
22,0.934841
23,0.857481
24,0.857481
25,0.996978
