id,p
0,0.011512
1,0.005842
2,0.000582
3,0.039195
4,0.011512
5,0.005842
6,0.000005
7,0.005842
8,0.346614
9,0.240352
