attribute,value
SensorMeasure20,"(-inf, 39.07>"
SensorMeasure20,"(39.07, 39.144999999999996>"
SensorMeasure20,"(39.144999999999996, 39.16>"
SensorMeasure20,"(39.16, inf)"
SensorMeasure9,"(-inf, 9052.404999999999>"
SensorMeasure9,"(9052.404999999999, 9057.165>"
SensorMeasure9,"(9057.165, inf)"
SensorMeasure21,"(-inf, 23.24405>"
SensorMeasure21,"(23.24405, 23.498649999999998>"
SensorMeasure21,"(23.498649999999998, inf)"
