id,p
0,1.000000
1,0.999402
2,0.999402
3,0.923938
4,0.999402
5,0.985367
6,0.999402
7,1.000000
8,0.923938
9,0.985367
