id,distance,n_actions
0,0.064637,2
1,0.097077,2
2,0.074345,2
3,0.047286,2
4,0.050926,2
5,0.093835,2
6,0.031755,1
7,0.082096,2
8,0.062136,2
9,0.030435,1
10,0.031755,1
11,0.076735,2
12,0.096073,2
13,0.021448,2
14,0.086055,2
15,0.066342,2
16,0.010723,1
17,0.121632,2
18,0.007836,1
19,0.073529,2
