id,p
0,0.000000
1,0.000000
2,0.000000
3,0.000000
4,0.000000
5,0.000000
6,0.000000
7,0.001775
8,0.001775
9,0.000000
10,0.000000
11,0.000000
12,0.000000
13,0.000017
14,0.000000
15,0.125911
16,0.001775
17,0.000000
18,0.003891
19,0.000002
