id,p
0,0.000023
1,0.000000
2,0.000001
3,0.000003
4,0.000000
5,0.000000
6,0.000003
7,0.000000
8,0.000000
9,0.000000
