id,p
0,0.249273
1,0.167569
2,0.167569
3,0.490925
4,0.643761
5,0.167569
6,0.357062
7,1.000000
8,0.167569
9,0.108604
