{
    "distance": 0.090413,
    "n_actions": 1.127907
}