{
    "0.05": 1.0,
    "0.01": 0.976744,
    "0.005": 0.976744,
    "0.001": 0.906977
}