id,distance,n_actions
0,0.019706,1
1,0.049842,3
2,0.013653,1
3,0.014130,1
4,0.049508,3
5,0.107932,3
6,0.019836,1
7,0.050547,3
8,0.067096,3
9,0.017057,3
10,0.013523,1
11,0.067206,3
12,0.017312,3
13,0.016579,3
14,0.019981,1
15,0.050204,3
16,0.013985,1
17,0.017127,3
18,0.107868,3
19,0.050627,3
20,0.017737,3
21,0.049834,3
22,0.067742,3
23,0.016884,3
24,0.019706,1
25,0.014072,1
