{
    "distance": 0.037296,
    "n_actions": 2.307692
}