id,distance,n_actions
0,0.192578,2
1,0.027879,1
2,0.166292,2
3,0.022765,1
4,0.035310,2
5,0.025239,1
6,0.071539,2
7,0.040930,2
8,0.081359,3
9,0.049439,2
10,0.043729,2
11,0.033240,1
12,0.082475,2
13,0.063538,2
14,0.041991,2
15,0.062916,2
16,0.067579,2
17,0.100243,2
18,0.030600,1
19,0.009238,1
