{
    "distance": 0.125286,
    "n_actions": 2.047619
}