id,distance,n_actions
0,0.102848,2
1,0.072198,2
2,0.273974,3
3,0.038374,2
4,0.012559,1
5,0.220994,3
6,0.054950,2
7,0.252832,3
8,0.226355,3
9,0.105488,2
10,0.178736,2
11,0.021983,2
12,0.276614,3
13,0.173375,2
14,0.050235,1
15,0.180056,2
16,0.072718,2
17,0.073521,2
18,0.032967,1
19,0.169416,2
20,0.040816,1
