{
    "distance": 0.047346,
    "n_actions": 1.988636
}