id,distance,n_actions
0,0.047052,2
1,0.076531,2
2,0.047386,2
3,0.028361,2
4,0.015873,1
5,0.044234,2
6,0.130252,2
7,0.058123,2
8,0.057306,2
9,0.078798,2
10,0.026377,2
11,0.069728,2
12,0.107260,2
13,0.034314,2
14,0.072362,2
15,0.043050,2
16,0.064076,2
17,0.032330,2
18,0.072279,2
19,0.006451,2
20,0.065476,1
21,0.056139,2
22,0.062092,2
23,0.079365,1
