id,p
0,0.001255
1,0.000001
2,0.000002
3,0.000027
4,0.002632
5,0.000001
6,0.000000
7,0.000000
8,0.000000
9,0.000000
10,0.000027
11,0.000027
12,0.000000
13,0.000002
14,0.000000
15,0.000000
16,0.000000
17,0.000027
18,0.000000
19,0.969766
20,0.000000
21,0.000000
22,0.000000
23,0.000000
