{
    "distance": 0.007413,
    "n_actions": 0.953488
}