{
    "distance": 0.053759,
    "n_actions": 2.034483
}