{
    "distance": 0.051404,
    "n_actions": 1.761364
}