{
    "0.05": 0.965909,
    "0.01": 0.954545,
    "0.005": 0.943182,
    "0.001": 0.920455
}