{
    "distance": 0.035934,
    "n_actions": 1.202899
}