{
    "distance": 0.06094,
    "n_actions": 1.055556
}