{
    "0.05": 0.185185,
    "0.01": 0.185185,
    "0.005": 0.185185,
    "0.001": 0.148148
}