{
    "0.05": 0.674419,
    "0.01": 0.55814,
    "0.005": 0.093023,
    "0.001": 0.069767
}