{
    "distance": 0.012849,
    "n_actions": 1.526316
}