id,distance,n_actions
0,0.009428,3
1,0.020220,1
2,0.025201,1
3,0.011868,1
4,0.019341,1
5,0.022857,1
6,0.023004,1
7,0.018755,1
8,0.005290,3
9,0.000879,1
10,0.005275,1
11,0.000000,0
12,0.020513,1
13,0.015238,1
14,0.004419,3
15,0.003663,1
16,0.019745,2
17,0.014394,3
18,0.004035,3
