id,p
0,0.000000
1,0.000000
2,0.001901
3,0.000027
4,0.000004
5,0.000001
6,0.000001
7,0.000004
8,0.001181
9,0.000000
10,0.000257
11,0.000000
12,0.000722
13,0.000077
14,0.000000
15,0.000000
16,0.000257
17,0.004694
18,0.000029
19,0.000000
20,0.000000
21,0.000000
22,0.000000
23,0.000000
