id,distance,n_actions
0,0.040296,2
1,0.056946,2
2,0.081112,3
3,0.110507,3
4,0.060547,2
5,0.062122,2
6,0.058706,2
7,0.058624,2
8,0.062808,2
9,0.088602,2
10,0.083543,3
11,0.036635,2
12,0.042250,2
13,0.049603,1
14,0.024055,1
15,0.060526,2
16,0.062945,2
17,0.069070,3
18,0.062981,2
19,0.055331,2
20,0.064147,1
21,0.054431,2
22,0.063206,2
23,0.052887,2
