{
    "distance": 0.060912,
    "n_actions": 2.041667
}