{
    "distance": 0.323393,
    "n_actions": 2.834951
}