{
    "0.05": 0.815534,
    "0.01": 0.776699,
    "0.005": 0.76699,
    "0.001": 0.76699
}