{
    "distance": 0.029231,
    "n_actions": 1.619048
}