{
    "0.05": 0.833333,
    "0.01": 0.809524,
    "0.005": 0.809524,
    "0.001": 0.785714
}