{
    "distance": 0.042464,
    "n_actions": 1.764706
}