{
    "distance": 0.005957,
    "n_actions": 0.906977
}