{
    "distance": 0.022539,
    "n_actions": 1.028986
}