{
    "0.05": 0.376812,
    "0.01": 0.26087,
    "0.005": 0.26087,
    "0.001": 0.173913
}