id,p
0,0.000000
1,0.000000
2,0.000000
3,0.000000
4,0.000000
5,0.000000
6,0.000001
7,0.000000
8,0.000000
9,0.000000
10,0.000000
11,0.000000
12,0.000002
13,0.000020
14,0.000005
15,0.000000
16,0.000000
17,0.000010
18,0.000000
19,0.000000
20,0.000020
21,0.000000
22,0.000000
23,0.000000
24,0.000020
25,0.000000
