{
    "distance": 0.035172,
    "n_actions": 2.461538
}