id,p
0,0.341598
1,0.861153
2,0.861153
3,0.649260
4,0.861153
5,0.761010
6,0.997168
7,0.761010
8,0.937038
9,0.937038
10,0.433401
11,0.937038
12,1.000000
13,1.000000
14,1.000000
15,0.861153
16,0.937038
17,1.000000
18,0.861153
19,0.761010
20,1.000000
21,0.861153
22,0.937038
23,0.937038
24,1.000000
25,0.861153
