{
    "distance": 0.364812,
    "n_actions": 3.182692
}