id,p
0,0.000231
1,0.000035
2,0.000231
3,0.000231
4,0.000018
5,0.000001
6,0.000035
7,0.000035
8,0.000035
9,0.000035
10,0.000231
11,0.000018
12,0.000035
13,0.000035
14,0.000009
15,0.000068
16,0.000018
17,0.000035
18,0.000009
19,0.000035
20,0.000005
21,0.000068
22,0.000231
23,0.000035
24,0.000018
25,0.000001
