{
    "distance": 0.009798,
    "n_actions": 1.076923
}