{
    "distance": 0.059461,
    "n_actions": 0.977011
}