{
    "0.05": 0.735632,
    "0.01": 0.712644,
    "0.005": 0.712644,
    "0.001": 0.586207
}