{
    "distance": 0.06972,
    "n_actions": 2.77193
}