{
    "distance": 0.034144,
    "n_actions": 1.666667
}