{
    "distance": 0.270458,
    "n_actions": 2.718447
}