{
    "0.05": 0.650485,
    "0.01": 0.514563,
    "0.005": 0.514563,
    "0.001": 0.514563
}