{
    "distance": 0.363897,
    "n_actions": 3.153846
}