{
    "distance": 0.043041,
    "n_actions": 2.227273
}