{
    "0.05": 0.886364,
    "0.01": 0.829545,
    "0.005": 0.829545,
    "0.001": 0.75
}