{
    "distance": 0.031458,
    "n_actions": 1.104348
}