{
    "0.05": 0.373913,
    "0.01": 0.373913,
    "0.005": 0.373913,
    "0.001": 0.373913
}