{
    "distance": 0.074686,
    "n_actions": 1.714286
}