id,distance,n_actions
0,0.063620,2
1,0.136479,2
2,0.088777,2
3,0.133757,2
4,0.075498,2
5,0.052980,2
6,0.035879,1
7,0.079539,2
8,0.038601,1
9,0.037776,1
10,0.079539,2
11,0.039454,2
12,0.135159,2
13,0.056939,2
14,0.076817,2
15,0.083498,2
16,0.120615,2
17,0.041241,1
18,0.127158,2
19,0.027879,1
20,0.037199,1
