id,p
0,0.000579
1,0.000108
2,0.000301
3,0.000579
4,0.000000
5,0.092518
6,0.000000
7,0.001258
8,0.000004
9,0.001835
