attribute,value
OpSet1,"(-inf, -0.0026>"
OpSet1,"(-0.0026, -0.0021000000000000003>"
OpSet1,"(-0.0021000000000000003, inf)"
SensorMeasure9,"(-inf, 9052.404999999999>"
SensorMeasure9,"(9052.404999999999, 9057.165>"
SensorMeasure9,"(9057.165, inf)"
SensorMeasure21,"(-inf, 23.24405>"
SensorMeasure21,"(23.24405, 23.481450000000002>"
SensorMeasure21,"(23.481450000000002, inf)"
SensorMeasure15,"(-inf, 8.35665>"
SensorMeasure15,"(8.35665, 8.44775>"
SensorMeasure15,"(8.44775, inf)"
