id,distance,n_actions
0,0.029971,4
1,0.046654,4
2,0.021890,4
3,0.033233,4
4,0.034715,3
5,0.035217,4
6,0.017058,2
7,0.033895,4
8,0.022928,3
9,0.034040,3
