id,p
0,0.632858
1,0.999194
2,0.001644
3,0.038180
4,0.479622
5,0.063929
6,0.001644
7,0.063929
8,0.160406
9,0.038180
