id,p
0,0.240352
1,0.002835
2,0.000246
3,0.001315
4,0.005842
5,0.160406
6,0.240352
7,0.000246
8,0.000246
9,0.002835
