id,distance,n_actions
0,0.003294,1
1,0.014716,3
2,0.023330,3
3,0.040441,3
4,0.025405,3
5,0.025694,3
6,0.003175,1
7,0.022335,3
8,0.019853,3
9,0.017717,3
