{
    "distance": 0.350504,
    "n_actions": 3.144231
}