{
    "distance": 0.040752,
    "n_actions": 2.056818
}