{
    "distance": 0.03022,
    "n_actions": 1.047619
}