id,p
0,1.000000
1,1.000000
2,1.000000
3,0.000000
4,0.000000
5,0.000000
6,1.000000
7,0.000000
8,0.000000
9,0.000074
10,0.000000
11,1.000000
12,0.000000
13,0.000000
14,1.000000
15,0.000000
16,0.000003
17,0.000000
18,1.000000
19,0.000000
20,0.000005
