{
    "0.05": 0.666667,
    "0.01": 0.666667,
    "0.005": 0.666667,
    "0.001": 0.666667
}