id,distance,n_actions
0,0.166777,2
1,0.192308,2
2,0.153061,2
3,0.161333,2
4,0.209117,3
5,0.181376,2
6,0.049473,2
7,0.180056,2
8,0.180056,2
9,0.030332,2
10,0.018774,2
11,0.184015,2
12,0.182695,2
13,0.048252,2
14,0.188057,2
15,0.040268,2
16,0.158776,2
17,0.174695,2
18,0.182201,2
19,0.185335,2
