{
    "distance": 0.077896,
    "n_actions": 2.631579
}