{
    "distance": 0.064597,
    "n_actions": 1.043478
}