{
    "0.05": 0.913043,
    "0.01": 0.913043,
    "0.005": 0.913043,
    "0.001": 0.913043
}