{
    "distance": 0.032139,
    "n_actions": 1.181034
}