{
    "distance": 0.006832,
    "n_actions": 0.953488
}