{
    "0.05": 0.302326,
    "0.01": 0.139535,
    "0.005": 0.116279,
    "0.001": 0.0
}