id,distance,n_actions
0,0.067477,3
1,0.068394,3
2,0.041400,3
3,0.062925,2
4,0.056406,2
5,0.085121,3
6,0.060941,2
7,0.065324,3
8,0.100057,2
9,0.060374,2
10,0.062140,3
11,0.046785,3
12,0.042517,2
13,0.036865,3
14,0.061006,3
15,0.070045,3
16,0.074613,3
17,0.070061,2
18,0.039683,2
19,0.053305,3
20,0.135880,3
21,0.101474,2
22,0.074656,3
23,0.132849,3
