{
    "distance": 0.040575,
    "n_actions": 1.66087
}