{
    "distance": 0.02319,
    "n_actions": 1.234783
}