{
    "0.05": 0.956522,
    "0.01": 0.956522,
    "0.005": 0.956522,
    "0.001": 0.930435
}