id,distance,n_actions
0,0.045965,3
1,0.033674,2
2,0.034186,3
3,0.028062,3
4,0.040172,3
5,0.039542,3
6,0.040280,3
7,0.035359,3
8,0.032849,2
9,0.027374,3
