id,p
0,0.999486
1,0.513012
2,0.267120
3,0.046661
4,0.513012
5,0.377731
6,0.267120
7,0.182057
8,0.813281
9,0.813281
