{
    "distance": 0.032865,
    "n_actions": 1.06087
}