{
    "distance": 0.007768,
    "n_actions": 1.116279
}