{
    "0.05": 0.139535,
    "0.01": 0.069767,
    "0.005": 0.046512,
    "0.001": 0.0
}