{
    "distance": 0.033418,
    "n_actions": 1.585366
}