id,distance,n_actions
0,0.030662,4
1,0.035661,4
2,0.021904,3
3,0.030647,4
4,0.044017,4
5,0.040226,4
6,0.033936,4
7,0.020312,4
8,0.029988,4
9,0.012410,3
