{
    "distance": 0.01226,
    "n_actions": 1.333333
}