{
    "0.05": 0.673077,
    "0.01": 0.673077,
    "0.005": 0.673077,
    "0.001": 0.673077
}