{
    "distance": 0.032302,
    "n_actions": 1.785714
}