id,p
0,0.105914
1,0.002468
2,0.036122
3,0.087350
4,0.019754
5,0.019754
6,0.005166
7,0.213675
8,0.001125
9,0.005166
