id,distance,n_actions
0,0.028606,2
1,0.031074,2
2,0.017996,2
3,0.007058,2
4,0.018020,2
5,0.016254,2
6,0.018077,2
7,0.017588,2
8,0.023371,2
9,0.025162,2
