id,p
0,0.999063
1,0.980733
2,0.999999
3,1.000000
4,0.999999
5,1.000000
6,0.999999
7,0.999063
8,0.999063
9,1.000000
