{
    "distance": 0.136905,
    "n_actions": 0.958333
}