id,p
0,0.000000
1,0.000000
2,0.000000
3,0.001775
4,0.003891
5,0.074330
6,0.000017
7,0.074330
8,0.000048
9,0.000000
10,0.074330
11,0.003891
12,0.000000
13,0.000000
14,0.000003
15,0.000000
16,0.000003
17,0.000000
18,0.000772
19,0.000000
