{
    "distance": 0.082611,
    "n_actions": 2.859649
}