{
    "distance": 0.098233,
    "n_actions": 1.162791
}