{
    "distance": 0.142612,
    "n_actions": 1.102041
}