{
    "0.05": 1.0,
    "0.01": 0.979592,
    "0.005": 0.979592,
    "0.001": 0.979592
}