{
    "distance": 0.029959,
    "n_actions": 1.666667
}