id,p
0,0.000000
1,0.000000
2,0.000000
3,0.000000
4,0.000000
5,0.000000
6,0.001100
7,0.194628
8,0.000000
9,0.000000
10,0.001941
11,0.000000
12,0.000000
13,0.000000
14,0.000000
15,0.000609
16,0.000000
17,0.004362
18,0.000000
19,0.000000
20,0.036563
21,0.000000
22,0.000000
23,0.000000
24,0.000000
25,0.000002
26,0.000000
27,0.000000
28,0.194628
29,0.000000
30,0.000000
31,0.000000
32,0.000000
33,0.117256
34,0.000000
35,0.000000
36,0.029525
37,0.000046
38,0.117256
39,0.000000
40,0.000000
41,0.000000
