{
    "0.05": 0.904762,
    "0.01": 0.857143,
    "0.005": 0.857143,
    "0.001": 0.785714
}