{
    "distance": 0.034891,
    "n_actions": 2.044118
}