id,distance,n_actions
0,0.003686,2
1,0.008723,2
2,0.079478,2
3,0.047397,2
4,0.003701,1
5,0.007788,2
6,0.036747,2
7,0.003711,1
8,0.007912,2
9,0.079369,2
10,0.003696,1
11,0.079400,2
12,0.003720,1
13,0.079292,2
14,0.008712,2
15,0.003758,1
16,0.007893,2
17,0.036761,2
18,0.079443,2
19,0.047515,2
20,0.007916,2
21,0.003637,1
22,0.047538,2
23,0.007828,2
24,0.007802,2
25,0.079378,2
