{
    "distance": 0.081928,
    "n_actions": 2.140351
}