{
    "distance": 0.01213,
    "n_actions": 1.388889
}