{
    "distance": 0.00546,
    "n_actions": 0.906977
}