{
    "distance": 0.041895,
    "n_actions": 1.166667
}