id,p
0,0.239977
1,0.000000
2,0.000000
3,0.000000
4,0.000000
5,0.000000
6,0.000000
7,0.000000
8,0.000000
9,0.000000
10,0.000000
11,0.000000
12,0.000000
13,0.000000
14,0.000000
15,0.291913
16,0.099084
17,0.000000
18,0.000000
19,0.000000
20,0.000007
21,0.099084
22,0.001890
23,0.000000
