{
    "distance": 0.066438,
    "n_actions": 2.229885
}