{
    "0.05": 0.816092,
    "0.01": 0.747126,
    "0.005": 0.735632,
    "0.001": 0.597701
}