{
    "distance": 0.020906,
    "n_actions": 1.095238
}