{
    "distance": 0.138464,
    "n_actions": 1.229167
}