id,distance,n_actions
0,0.043487,4
1,0.039099,4
2,0.040742,4
3,0.030289,4
4,0.022635,2
5,0.033099,4
6,0.020122,4
7,0.037653,4
8,0.042488,4
9,0.006627,2
