id,p
0,0.182057
1,0.513012
2,0.267120
3,0.513012
4,0.813281
5,0.664751
6,0.377731
7,0.664751
8,0.664751
9,0.986653
