{
    "distance": 0.075203,
    "n_actions": 1.069767
}