{
    "0.05": 0.790698,
    "0.01": 0.790698,
    "0.005": 0.77907,
    "0.001": 0.767442
}