{
    "distance": 0.037169,
    "n_actions": 1.880952
}