{
    "0.05": 0.880952,
    "0.01": 0.880952,
    "0.005": 0.880952,
    "0.001": 0.880952
}