{
    "distance": 0.034698,
    "n_actions": 1.956522
}