{
    "0.05": 0.15942,
    "0.01": 0.15942,
    "0.005": 0.15942,
    "0.001": 0.15942
}