{
    "distance": 0.304716,
    "n_actions": 2.730769
}