{
    "0.05": 1.0,
    "0.01": 0.990385,
    "0.005": 0.990385,
    "0.001": 0.990385
}