{
    "distance": 0.052236,
    "n_actions": 1.826087
}