{
    "0.05": 0.93913,
    "0.01": 0.93913,
    "0.005": 0.93913,
    "0.001": 0.921739
}