{
    "distance": 0.036307,
    "n_actions": 2.428571
}