id,distance,n_actions
0,0.192578,2
1,0.052980,2
2,0.166292,2
3,0.058094,2
4,0.035310,2
5,0.037798,2
6,0.030199,2
7,0.040930,2
8,0.033740,2
9,0.097058,3
10,0.043729,2
11,0.050508,2
12,0.005279,1
13,0.063538,2
14,0.041991,2
15,0.110535,3
16,0.067579,2
17,0.100243,2
18,0.050258,2
19,0.009238,1
