id,p
0,0.000000
1,0.074330
2,0.000000
3,0.003891
4,0.000001
5,0.000017
6,0.000017
7,0.000001
8,0.000001
9,0.000001
10,0.000000
11,0.000001
12,0.074330
13,0.000772
14,0.000000
15,0.000017
16,0.000048
17,0.000000
18,0.074330
19,0.003891
