id,distance,n_actions
0,0.092980,3
1,0.086754,3
2,0.047072,3
3,0.115969,3
4,0.021689,2
5,0.047482,3
6,0.073002,3
7,0.083196,3
8,0.015736,3
9,0.045635,2
10,0.074713,2
11,0.035030,2
12,0.126300,3
13,0.067050,2
14,0.028941,2
15,0.055282,3
16,0.029762,2
17,0.069171,3
18,0.045498,3
19,0.040846,3
20,0.023399,3
21,0.048645,3
22,0.079091,3
23,0.065476,2
