{
    "distance": 0.059113,
    "n_actions": 2.666667
}