{
    "0.05": 0.791667,
    "0.01": 0.625,
    "0.005": 0.583333,
    "0.001": 0.583333
}