id,p
0,0.000000
1,0.000000
2,0.000920
3,0.000002
4,0.005619
5,0.000416
6,0.000002
7,0.014789
8,0.573847
9,0.000276
10,0.000000
11,0.014789
12,0.046873
13,0.000000
14,0.421168
15,0.000181
16,0.421168
17,0.000000
18,0.000622
19,0.046873
20,0.573847
21,0.421168
22,0.000000
23,0.000001
