{
    "distance": 0.24295,
    "n_actions": 2.058252
}