{
    "0.05": 1.0,
    "0.01": 0.961538,
    "0.005": 0.961538,
    "0.001": 0.961538
}