{
    "distance": 0.049426,
    "n_actions": 2.923077
}