id,distance,n_actions
0,0.016063,3
1,0.026510,3
2,0.026634,3
3,0.078556,3
4,0.026622,3
5,0.000046,1
6,0.098514,3
7,0.124589,3
8,0.000070,2
9,0.124301,3
10,0.092757,3
11,0.014815,3
12,0.068145,3
13,0.019319,3
14,0.014593,3
15,0.124257,3
16,0.083146,3
17,0.032003,4
18,0.078697,3
19,0.014593,3
20,0.026452,3
21,0.062609,3
22,0.019214,3
23,0.062652,3
24,0.019025,3
25,0.030905,3
