id,p
0,0.981826
1,0.864736
2,0.151681
3,0.997346
4,0.026334
5,1.000000
6,0.007380
7,0.000000
8,1.000000
9,0.056058
10,1.000000
11,0.000001
12,0.981826
13,0.000349
14,0.981826
15,0.000000
16,0.056058
17,1.000000
18,0.939163
19,0.981826
20,0.654823
21,0.203703
22,0.110870
23,0.203703
24,0.110870
25,0.007380
