id,distance,n_actions
0,0.060941,2
1,0.035714,2
2,0.034864,2
3,0.062925,2
4,0.056406,2
5,0.054138,2
6,0.060941,2
7,0.067810,3
8,0.081733,3
9,0.060374,2
10,0.062140,3
11,0.040249,2
12,0.042517,2
13,0.030329,2
14,0.061006,3
15,0.056973,2
16,0.048469,2
17,0.050454,1
18,0.039683,2
19,0.053305,3
20,0.063509,3
21,0.101474,2
22,0.020725,3
23,0.036848,2
