{
    "distance": 0.046207,
    "n_actions": 1.286957
}