{
    "0.05": 0.954545,
    "0.01": 0.954545,
    "0.005": 0.954545,
    "0.001": 0.954545
}