{
    "distance": 0.139045,
    "n_actions": 1.166667
}