id,distance,n_actions
0,0.083561,3
1,0.063140,3
2,0.062528,3
3,0.078556,3
4,0.062550,3
5,0.078723,3
6,0.110767,4
7,0.111298,4
8,0.078539,3
9,0.111348,4
10,0.030868,3
11,0.111485,4
12,0.068145,3
13,0.068546,3
14,0.111387,4
15,0.111440,4
16,0.083146,3
17,0.083489,3
18,0.078697,3
19,0.110953,4
20,0.062711,3
21,0.062609,3
22,0.068294,3
23,0.062652,3
24,0.068243,3
25,0.030905,3
