{
    "distance": 0.079022,
    "n_actions": 3.269231
}