id,p
0,0.997346
1,1.000000
2,1.000000
3,0.981826
4,1.000000
5,0.981826
6,0.981826
7,0.981826
8,0.981826
9,0.981826
10,1.000000
11,0.981826
12,0.981826
13,0.981826
14,0.981826
15,0.981826
16,0.997346
17,0.997346
18,0.981826
19,0.981826
20,1.000000
21,1.000000
22,0.981826
23,1.000000
24,0.981826
25,1.000000
