{
    "distance": 0.119547,
    "n_actions": 1.654545
}