{
    "0.05": 1.0,
    "0.01": 0.981818,
    "0.005": 0.945455,
    "0.001": 0.872727
}