id,p
0,0.000000
1,0.000000
2,0.000000
3,0.000000
4,0.000014
5,0.000048
6,0.000000
7,0.000000
8,0.000000
9,0.000000
