id,distance,n_actions
0,0.046940,4
1,0.051625,4
2,0.039856,3
3,0.073027,4
4,0.035714,2
5,0.025017,2
6,0.046777,4
7,0.032935,4
8,0.032741,4
9,0.030163,2
