id,p
0,0.029670
1,0.080305
2,0.999557
3,0.080305
4,0.125458
5,0.080305
6,0.125458
7,0.821060
8,0.932679
9,0.189370
