id,p
0,0.004679
1,0.009105
2,0.093343
3,0.139317
4,0.000005
5,0.000013
6,0.000089
7,0.843911
8,0.000002
9,0.357895
