id,p
0,1.000000
1,0.999999
2,1.000000
3,1.000000
4,1.000000
5,0.468150
6,0.231441
7,0.097786
8,0.002961
9,0.336097
