{
    "distance": 0.263089,
    "n_actions": 2.333333
}