{
    "distance": 0.072844,
    "n_actions": 2.596491
}