{
    "distance": 0.022352,
    "n_actions": 1.086957
}