id,distance,n_actions
0,0.063444,3
1,0.071144,3
2,0.041952,3
3,0.040019,3
4,0.026596,3
5,0.042238,3
6,0.050051,3
7,0.038570,3
8,0.058804,3
9,0.052465,3
