id,p
0,0.009534
1,0.017117
2,0.001329
3,0.125458
4,0.674845
5,0.009534
6,0.029670
7,0.080305
8,0.005124
9,0.009534
