id,p
0,0.003331
1,0.000582
2,0.002835
3,0.112385
4,0.067795
5,0.000000
6,0.000000
7,0.067795
8,0.006491
9,0.039195
