id,distance,n_actions
0,0.006802,2
1,0.014716,3
2,0.023330,3
3,0.040441,3
4,0.025405,3
5,0.005054,1
6,0.025484,3
7,0.022335,3
8,0.029253,2
9,0.017717,3
