id,p
0,1.000000
1,0.000006
2,0.502056
3,0.014520
4,0.001028
5,0.174788
6,0.000482
7,0.002108
8,0.985367
9,0.985367
