{
    "distance": 0.033911,
    "n_actions": 1.928571
}