{
    "distance": 0.260402,
    "n_actions": 2.436893
}