{
    "0.05": 0.854369,
    "0.01": 0.796117,
    "0.005": 0.796117,
    "0.001": 0.796117
}