{
    "distance": 0.025123,
    "n_actions": 1.103448
}