{
    "0.05": 0.390805,
    "0.01": 0.275862,
    "0.005": 0.229885,
    "0.001": 0.045977
}