{
    "distance": 0.289182,
    "n_actions": 2.669903
}