{
    "distance": 0.094762,
    "n_actions": 1.148148
}