{
    "0.05": 0.833333,
    "0.01": 0.722222,
    "0.005": 0.666667,
    "0.001": 0.611111
}