{
    "distance": 0.034487,
    "n_actions": 1.231884
}