{
    "0.05": 0.971014,
    "0.01": 0.971014,
    "0.005": 0.971014,
    "0.001": 0.971014
}