{
    "distance": 0.235437,
    "n_actions": 1.961165
}