{
    "0.05": 0.582524,
    "0.01": 0.582524,
    "0.005": 0.582524,
    "0.001": 0.582524
}