id,distance,n_actions
0,0.022449,1
1,0.035129,2
2,0.022886,1
3,0.007580,1
4,0.010715,2
5,0.016587,2
6,0.006206,3
7,0.017930,1
8,0.016327,1
9,0.034399,2
10,0.014577,1
11,0.000729,1
12,0.012464,3
13,0.001895,1
14,0.003483,2
15,0.011005,3
16,0.006953,3
17,0.034196,2
18,0.018222,1
