{
    "distance": 0.01546,
    "n_actions": 1.736842
}