id,distance,n_actions
0,0.055481,3
1,0.049550,4
2,0.049974,4
3,0.055394,3
4,0.046957,3
5,0.057596,3
6,0.021816,3
7,0.022188,3
8,0.068152,3
9,0.077581,3
10,0.057461,3
11,0.077680,3
12,0.009017,3
13,0.000551,3
14,0.057525,3
15,0.068027,3
16,0.057641,3
17,0.055374,3
18,0.000677,3
19,0.057417,3
20,0.046633,3
21,0.008310,3
22,0.057160,3
23,0.077593,3
24,0.047355,4
