id,p
0,0.531512
1,0.756119
2,0.643622
3,0.756119
4,0.980064
5,0.857481
6,0.934841
7,0.857481
8,0.934841
9,0.857481
10,0.857481
11,0.857481
12,0.980064
13,0.980064
14,0.857481
15,0.934841
16,0.857481
17,0.857481
18,0.934841
19,0.934841
20,0.980064
21,0.980064
22,0.857481
23,0.934841
24,0.756119
