{
    "distance": 0.134043,
    "n_actions": 1.083333
}