{
    "distance": 0.035732,
    "n_actions": 2.014706
}