{
    "distance": 0.026913,
    "n_actions": 1.165217
}