{
    "distance": 0.295444,
    "n_actions": 2.634615
}