{
    "distance": 0.030379,
    "n_actions": 1.731707
}