{
    "0.05": 0.780488,
    "0.01": 0.780488,
    "0.005": 0.780488,
    "0.001": 0.756098
}