{
    "distance": 0.060907,
    "n_actions": 1.142857
}