id,p
0,0.000000
1,0.000000
2,0.000020
3,0.000000
4,0.000000
5,0.000000
6,0.077156
7,0.000000
8,0.077156
9,0.000000
10,0.000000
11,0.012257
12,0.001282
13,0.000054
14,0.000020
15,0.000020
16,0.000000
17,0.000000
18,0.000000
19,0.000000
20,0.000000
