{
    "distance": 0.012341,
    "n_actions": 1.368421
}