id,p
0,0.000000
1,0.000000
2,0.000000
3,0.000000
4,0.000000
5,0.000000
6,0.000000
7,0.000007
8,0.000000
9,0.000000
10,0.000381
11,0.000056
12,0.000381
13,0.000055
14,0.000000
15,0.000007
16,0.000055
17,0.000000
18,0.000000
19,0.000016
20,0.000381
21,0.000000
22,0.000104
23,0.000000
24,0.000000
25,0.000000
