{
    "distance": 0.037975,
    "n_actions": 2.192308
}