id,distance,n_actions
0,0.040422,3
1,0.016147,3
2,0.011858,2
3,0.009227,2
4,0.080733,3
5,0.064955,3
6,0.064788,3
7,0.020992,1
8,0.051517,2
9,0.037969,2
10,0.018698,1
11,0.075167,2
12,0.017854,1
13,0.054026,3
14,0.012115,2
15,0.029728,2
16,0.055278,3
17,0.011163,2
18,0.047447,2
19,0.017253,1
20,0.007616,1
21,0.054335,3
22,0.020877,1
23,0.064939,3
24,0.080316,3
25,0.021921,3
