id,p
0,0.531512
1,0.336242
2,0.000090
3,0.857481
4,0.195423
5,0.075010
6,0.105169
7,0.643622
8,0.001534
9,0.336242
10,0.258888
11,0.643622
12,0.336242
13,0.195423
14,0.052509
15,0.336242
16,0.001534
17,0.144718
18,0.000905
19,0.427637
20,0.016094
21,0.258888
22,0.144718
23,0.105169
24,0.195423
25,0.336242
