{
    "0.05": 0.192308,
    "0.01": 0.153846,
    "0.005": 0.153846,
    "0.001": 0.076923
}