{
    "distance": 0.049141,
    "n_actions": 1.08046
}