{
    "0.05": 0.402299,
    "0.01": 0.206897,
    "0.005": 0.206897,
    "0.001": 0.195402
}