{
    "distance": 0.033281,
    "n_actions": 1.411765
}