{
    "0.05": 1.0,
    "0.01": 0.970588,
    "0.005": 0.970588,
    "0.001": 0.970588
}