{
    "distance": 0.098857,
    "n_actions": 2.586207
}