id,p
0,0.000000
1,0.000000
2,0.000000
3,0.003973
4,0.000000
5,0.000000
6,0.000000
7,0.116410
8,0.000000
9,0.000000
10,0.000000
11,0.000000
12,0.000000
13,0.000000
14,0.227043
15,0.114436
16,0.009015
17,0.000000
18,0.000000
19,0.000000
20,0.000000
21,0.000000
22,0.000000
23,0.000002
24,0.000000
