id,distance,n_actions
0,0.038953,2
1,0.026449,3
2,0.082133,3
3,0.033262,2
4,0.038561,2
5,0.000929,2
6,0.012863,2
7,0.036861,4
8,0.082576,3
9,0.036088,2
10,0.024485,3
11,0.082506,3
12,0.013691,2
13,0.025618,3
14,0.110450,4
15,0.032128,2
16,0.098884,4
17,0.081467,3
18,0.013222,2
19,0.020426,3
20,0.024852,3
21,0.013386,2
22,0.013352,2
23,0.011582,2
24,0.125699,4
