id,p
0,0.582581
1,0.952209
2,0.131502
3,0.034039
4,0.582581
5,0.478199
6,0.999950
7,0.000000
8,0.176560
9,0.998316
10,1.000000
11,1.000000
12,0.999950
13,0.797056
14,0.000000
15,0.000009
16,0.000000
17,0.131502
18,0.999950
19,0.000061
20,0.096259
21,0.999950
22,0.999950
23,0.999950
24,0.176560
