id,distance,n_actions
0,0.013787,3
1,0.023131,3
2,0.080170,4
3,0.000234,2
4,0.040515,2
5,0.094658,3
6,0.010960,2
7,0.040913,2
8,0.023432,2
9,0.041877,2
10,0.037464,3
11,0.041830,2
12,0.040757,2
13,0.025128,3
14,0.026833,2
15,0.041899,2
16,0.049156,3
17,0.040017,2
18,0.049730,2
19,0.040436,2
20,0.044490,3
21,0.000342,2
22,0.041664,2
23,0.040289,2
24,0.002364,2
