id,p
0,1.000000
1,0.067300
2,0.000030
3,0.047450
4,0.884467
5,0.472731
6,0.000547
7,1.000000
8,0.472731
9,0.004034
10,1.000000
11,0.001539
12,0.950527
13,0.577130
14,0.884467
15,0.022384
16,0.004034
17,0.986246
18,1.000000
19,0.577130
20,0.577130
21,0.000547
22,0.004034
23,0.999945
24,0.000101
