id,p
0,0.000000
1,0.000014
2,0.000000
3,0.000000
4,0.000000
5,0.000014
6,0.000000
7,0.000000
8,0.000014
9,0.000000
