id,p
0,0.119763
1,0.986653
2,0.267120
3,0.513012
4,0.928437
5,0.986653
6,0.928437
7,0.267120
8,0.928437
9,0.928437
