{
    "distance": 0.028497,
    "n_actions": 1.217391
}