{
    "0.05": 0.573913,
    "0.01": 0.573913,
    "0.005": 0.573913,
    "0.001": 0.573913
}