{
    "distance": 0.056704,
    "n_actions": 2.769231
}