id,distance,n_actions
0,0.016063,3
1,0.026510,3
2,0.033746,2
3,0.078556,3
4,0.062550,3
5,0.078723,3
6,0.082986,2
7,0.098617,3
8,0.000070,2
9,0.082960,2
10,0.030868,3
11,0.098637,3
12,0.068145,3
13,0.068546,3
14,0.124185,3
15,0.098606,3
16,0.016088,3
17,0.016025,3
18,0.078697,3
19,0.098626,3
20,0.062711,3
21,0.033358,2
22,0.006444,2
23,0.062652,3
24,0.019025,3
25,0.030905,3
