id,p
0,0.017556
1,0.268455
2,0.038777
3,0.000059
4,0.268455
5,0.203703
6,0.346937
7,0.439130
8,0.017556
9,0.346937
10,0.543252
11,0.346937
12,0.038777
13,0.079563
14,0.079563
15,0.268455
16,0.017556
17,0.268455
18,0.001748
19,0.038777
20,0.268455
21,0.038777
22,0.268455
23,0.543252
24,0.110870
25,0.439130
