{
    "0.05": 0.634783,
    "0.01": 0.634783,
    "0.005": 0.634783,
    "0.001": 0.330435
}