id,p
0,0.067884
1,0.067884
2,0.108604
3,0.167569
4,0.167569
5,0.067884
6,0.249273
7,0.919168
8,0.040917
9,0.001866
