{
    "distance": 0.013804,
    "n_actions": 3.684211
}