id,distance,n_actions
0,0.005323,3
1,0.012604,4
2,0.029662,4
3,0.018676,2
4,0.024855,4
5,0.010531,4
6,0.003997,4
7,0.018117,4
8,0.017718,4
9,0.004108,3
10,0.014500,4
11,0.005280,3
12,0.024246,4
13,0.023314,4
14,0.006961,3
15,0.025837,4
16,0.006319,4
17,0.006010,4
18,0.004212,4
