{
    "0.05": 0.116279,
    "0.01": 0.093023,
    "0.005": 0.093023,
    "0.001": 0.023256
}