{
    "distance": 0.043252,
    "n_actions": 1.333333
}