id,p
0,0.060018
1,0.000399
2,0.000000
3,0.000000
4,0.010547
5,0.000007
6,0.000007
7,0.000000
8,0.000002
9,0.010547
10,0.000000
11,0.000000
12,0.000001
13,0.000886
14,0.000598
15,0.000072
16,0.000001
17,0.000112
18,0.001301
19,0.000001
20,0.000000
21,0.000000
22,0.000001
23,0.000000
