{
    "0.05": 0.958333,
    "0.01": 0.875,
    "0.005": 0.875,
    "0.001": 0.833333
}