{
    "distance": 0.254854,
    "n_actions": 2.223301
}