id,distance,n_actions
0,0.059297,4
1,0.037905,2
2,0.038556,2
3,0.060415,4
4,0.007058,2
5,0.057596,3
6,0.055237,3
7,0.055279,3
8,0.047084,3
9,0.077581,3
10,0.043146,3
11,0.078664,4
12,0.029949,2
13,0.000082,3
14,0.043064,3
15,0.047030,3
16,0.043206,3
17,0.055374,3
18,0.050538,4
19,0.057417,3
20,0.067186,3
21,0.007972,3
22,0.043041,3
23,0.108105,3
24,0.037663,2
