id,p
0,0.934841
1,0.756119
2,0.756119
3,0.195423
4,1.000000
5,0.001534
6,0.000001
7,0.000000
8,0.004160
9,0.999881
10,0.999881
11,0.004160
12,0.934841
13,0.000000
14,0.999881
15,1.000000
16,0.999881
17,0.000000
18,0.000297
19,0.016094
20,0.006656
21,0.144718
22,0.999881
23,0.000000
24,0.105169
