id,distance,n_actions
0,0.085072,3
1,0.021178,2
2,0.040133,3
3,0.020056,2
4,0.067234,4
5,0.038760,3
6,0.068737,4
7,0.068446,4
8,0.021288,2
9,0.022066,2
10,0.075015,4
11,0.086565,3
12,0.067726,4
13,0.085338,3
14,0.039062,3
15,0.020132,2
16,0.085462,3
17,0.068278,4
18,0.075025,4
19,0.040029,3
20,0.019088,2
21,0.040215,3
22,0.069061,4
23,0.019531,2
24,0.085081,3
