{
    "distance": 0.01027,
    "n_actions": 1.555556
}