{
    "distance": 0.01095,
    "n_actions": 1.166667
}