id,distance,n_actions
0,0.005495,1
1,0.001099,1
2,0.004762,1
3,0.008499,2
4,0.003004,1
5,0.028571,1
6,0.006667,1
7,0.003443,1
8,0.017070,1
9,0.004469,1
10,0.023275,2
11,0.013260,1
12,0.016337,1
13,0.009427,2
14,0.018974,1
15,0.011062,1
16,0.001538,1
17,0.020147,1
