{
    "0.05": 0.055556,
    "0.01": 0.055556,
    "0.005": 0.055556,
    "0.001": 0.055556
}