{
    "distance": 0.017928,
    "n_actions": 1.034783
}