{
    "0.05": 0.991304,
    "0.01": 0.991304,
    "0.005": 0.991304,
    "0.001": 0.956522
}