id,distance,n_actions
0,0.061826,3
1,0.018948,2
2,0.098313,4
3,0.086757,4
4,0.018793,2
5,0.063874,3
6,0.090389,3
7,0.096534,4
8,0.059277,2
9,0.089980,3
10,0.059831,2
11,0.091921,3
12,0.059895,2
13,0.058855,2
14,0.059475,2
15,0.086865,4
16,0.091767,3
17,0.017924,2
18,0.019356,2
19,0.097055,4
20,0.097199,4
21,0.087641,3
22,0.090472,3
23,0.086828,4
24,0.091925,3
