id,p
0,0.000112
1,0.005240
2,0.000112
3,0.000112
4,0.000112
5,0.000112
6,0.000112
7,0.000112
8,0.000112
9,0.005240
