id,distance,n_actions
0,0.018337,3
1,0.046654,4
2,0.013122,3
3,0.018953,3
4,0.037023,3
5,0.021291,3
6,0.020286,3
7,0.019353,3
8,0.026333,3
9,0.063458,4
