id,p
0,0.999999
1,0.632858
2,0.999999
3,1.000000
4,0.914112
5,1.000000
6,0.999194
7,1.000000
8,0.982419
9,0.788036
