id,p
0,0.040975
1,0.000000
2,0.000000
3,0.000000
4,0.000000
5,0.000350
6,0.000401
7,0.000000
8,0.000000
9,0.243500
10,0.017183
11,0.089362
12,0.000000
13,0.061188
14,0.089362
15,0.089362
16,0.000000
17,0.000000
18,0.000015
19,0.000000
20,0.000214
21,0.000000
22,0.005053
23,0.243500
24,0.000000
25,0.006585
