{
    "0.05": 0.769231,
    "0.01": 0.692308,
    "0.005": 0.615385,
    "0.001": 0.615385
}