{
    "distance": 0.033131,
    "n_actions": 1.769231
}