id,distance,n_actions
0,0.034678,2
1,0.048682,2
2,0.041843,2
3,0.048764,2
4,0.049592,2
5,0.006831,2
6,0.029868,2
7,0.027746,2
8,0.051781,3
9,0.029825,2
10,0.000173,1
11,0.041147,1
12,0.000058,1
13,0.041732,2
14,0.034732,1
15,0.062931,2
16,0.049543,2
17,0.042065,2
18,0.013926,2
19,0.000144,1
20,0.023596,2
21,0.049113,2
22,0.027751,2
23,0.021064,1
24,0.049066,2
25,0.034746,1
