id,p
0,0.036075
1,0.001534
2,0.010449
3,0.001534
4,0.000165
5,1.000000
6,0.643622
7,1.000000
8,0.980064
9,0.144718
10,0.934841
11,0.024323
12,1.000000
13,0.024323
14,0.934841
15,0.934841
16,0.000000
17,0.002551
18,1.000000
19,1.000000
20,0.756119
21,0.934841
22,0.427637
23,0.075010
24,0.036075
25,0.934841
