{
    "0.05": 0.384615,
    "0.01": 0.192308,
    "0.005": 0.192308,
    "0.001": 0.076923
}