{
    "0.05": 0.363636,
    "0.01": 0.159091,
    "0.005": 0.022727,
    "0.001": 0.0
}