{
    "distance": 0.143109,
    "n_actions": 1.354167
}