id,distance,n_actions
0,0.058543,4
1,0.070178,4
2,0.038164,2
3,0.033983,4
4,0.026596,3
5,0.042238,3
6,0.041222,4
7,0.038570,3
8,0.060728,4
9,0.052465,3
