id,p
0,0.029670
1,0.080305
2,0.189370
3,0.387942
4,0.987828
5,0.080305
6,0.005124
7,0.009534
8,0.017117
9,0.125458
