id,distance,n_actions
0,0.029897,4
1,0.026890,3
2,0.013122,3
3,0.018953,3
4,0.045997,4
5,0.021291,3
6,0.022231,4
7,0.019353,3
8,0.028496,4
9,0.034648,3
