id,p
0,0.788036
1,0.982419
2,0.999194
3,0.788036
4,0.999194
5,0.999999
6,0.982419
7,0.999194
8,0.999999
9,0.982419
