{
    "distance": 0.051559,
    "n_actions": 1.420455
}