{
    "distance": 0.257282,
    "n_actions": 2.38835
}