{
    "0.05": 0.834951,
    "0.01": 0.796117,
    "0.005": 0.796117,
    "0.001": 0.621359
}