id,distance,n_actions
0,0.037556,2
1,0.021137,1
2,0.022886,1
3,0.008050,2
4,0.004238,2
5,0.016587,2
6,0.005612,2
7,0.028784,2
8,0.028940,2
9,0.020700,1
10,0.014577,1
11,0.008942,2
12,0.004219,2
13,0.001895,1
14,0.003483,2
15,0.005264,2
16,0.006953,3
17,0.007268,2
18,0.018222,1
