{
    "distance": 0.013964,
    "n_actions": 1.736842
}