{
    "0.05": 0.105263,
    "0.01": 0.105263,
    "0.005": 0.105263,
    "0.001": 0.105263
}