id,distance,n_actions
0,0.022449,1
1,0.021137,1
2,0.037773,2
3,0.007580,1
4,0.010715,2
5,0.007434,1
6,0.006206,3
7,0.017930,1
8,0.016327,1
9,0.020700,1
10,0.025431,2
11,0.014174,3
12,0.012318,2
13,0.007029,2
14,0.000000,1
15,0.011005,3
16,0.006953,3
17,0.019971,1
18,0.018222,1
