{
    "distance": 0.014913,
    "n_actions": 1.684211
}