{
    "distance": 0.106029,
    "n_actions": 1.148148
}