{
    "distance": 0.238211,
    "n_actions": 1.980583
}