{
    "0.05": 0.757282,
    "0.01": 0.61165,
    "0.005": 0.61165,
    "0.001": 0.61165
}