{
    "distance": 0.037082,
    "n_actions": 1.666667
}