id,p
0,0.000000
1,0.000064
2,0.000000
3,0.000000
4,0.000000
5,0.000000
6,0.000956
7,0.000000
8,0.000148
9,0.000000
