id,p
0,0.999486
1,0.046661
2,0.377731
3,0.182057
4,0.813281
5,0.513012
6,0.377731
7,0.182057
8,0.267120
9,1.000000
