{
    "distance": 0.102819,
    "n_actions": 1.952381
}