id,p
0,0.000000
1,0.000000
2,0.000000
3,0.000000
4,0.000000
5,0.000000
6,0.000000
7,0.000000
8,0.000004
9,0.000000
10,0.000086
11,0.000001
12,0.000300
13,0.000000
14,0.001761
15,0.000000
16,0.000215
17,0.000004
18,0.000000
19,0.000086
20,0.000000
21,0.000000
22,0.000000
23,0.000000
24,0.000000
