id,distance,n_actions
0,0.029909,2
1,0.011064,2
2,0.066659,2
3,0.031472,2
4,0.067991,3
5,0.009500,2
6,0.047072,2
7,0.060091,2
8,0.059137,3
9,0.067793,3
10,0.101757,2
11,0.066292,3
12,0.107306,3
13,0.009500,2
14,0.061275,2
15,0.030612,1
16,0.085498,3
17,0.062891,2
18,0.088318,2
19,0.093864,3
20,0.025256,2
21,0.066541,3
22,0.033730,1
23,0.022832,2
24,0.030612,2
