id,p
0,0.000000
1,0.096229
2,0.000000
3,0.000001
4,0.000000
5,0.025206
6,0.000000
7,0.000000
8,0.000000
9,0.000000
10,0.000000
11,0.000000
12,0.000000
13,0.025206
14,0.000000
15,0.000000
16,0.000000
17,0.000000
18,0.000000
19,0.000000
20,0.564481
21,0.000000
22,0.000000
23,0.000552
24,0.000000
