{
    "distance": 0.009121,
    "n_actions": 1.315789
}