id,distance,n_actions
0,0.001676,1
1,0.007123,2
2,0.011880,1
3,0.008304,2
4,0.021647,1
5,0.017711,1
6,0.018586,1
7,0.007070,1
8,0.003649,2
9,0.007507,1
10,0.013047,1
11,0.011152,1
12,0.006290,2
13,0.001531,1
14,0.007507,1
15,0.014942,1
16,0.003710,2
17,0.005960,2
18,0.004009,1
