{
    "distance": 0.056958,
    "n_actions": 2.482759
}