{
    "0.05": 0.982759,
    "0.01": 0.982759,
    "0.005": 0.982759,
    "0.001": 0.982759
}