{
    "distance": 0.142842,
    "n_actions": 1.166667
}