{
    "distance": 0.036869,
    "n_actions": 1.956522
}