{
    "distance": 0.147326,
    "n_actions": 1.083333
}