{
    "distance": 0.00894,
    "n_actions": 1.302326
}