{
    "0.05": 0.534884,
    "0.01": 0.488372,
    "0.005": 0.488372,
    "0.001": 0.44186
}