{
    "distance": 0.032598,
    "n_actions": 1.829268
}