{
    "0.05": 0.829268,
    "0.01": 0.829268,
    "0.005": 0.829268,
    "0.001": 0.829268
}