{
    "distance": 0.105369,
    "n_actions": 1.22093
}