{
    "0.05": 0.918605,
    "0.01": 0.860465,
    "0.005": 0.860465,
    "0.001": 0.860465
}