{
    "distance": 0.049997,
    "n_actions": 1.458333
}