{
    "distance": 0.135311,
    "n_actions": 1.313953
}