{
    "distance": 0.030875,
    "n_actions": 1.738095
}