id,p
0,0.000000
1,0.000170
2,0.000170
3,0.000000
4,0.000000
5,0.000000
6,0.000000
7,0.001903
8,0.000000
9,0.000000
10,0.116335
11,0.001436
12,0.000000
13,0.000000
14,0.000000
15,0.007164
16,0.000022
17,0.000000
18,0.000000
19,0.000000
20,0.000000
21,0.001436
22,0.000000
23,0.000000
24,0.000000
25,0.000000
26,0.000088
27,0.000000
28,0.000000
29,0.000000
30,0.000000
31,0.000000
32,0.000000
33,0.000000
34,0.000000
35,0.000000
36,0.000000
37,0.000000
38,0.000000
39,0.000000
40,0.000000
41,0.000000
