{
    "distance": 0.049325,
    "n_actions": 2.208333
}