id,distance,n_actions
0,0.068987,2
1,0.068671,2
2,0.070275,2
3,0.045710,3
4,0.008142,3
5,0.051953,2
6,0.074028,4
7,0.068751,2
8,0.067341,2
9,0.046499,2
10,0.068263,2
11,0.008037,3
12,0.004123,2
13,0.046201,2
14,0.069158,2
15,0.058866,2
16,0.108654,3
17,0.025368,1
18,0.008237,3
19,0.025338,1
20,0.000487,2
21,0.045805,2
22,0.119531,3
23,0.025363,1
