id,p
0,0.000110
1,0.034039
2,0.006676
3,0.000110
4,0.048975
5,0.023252
6,0.000342
7,0.048975
8,0.383777
9,0.010298
10,0.478199
11,0.069256
12,0.000342
13,0.000342
14,0.000988
15,0.131502
16,0.383777
17,0.797056
18,0.010298
19,0.691700
20,0.034039
21,0.000110
22,0.478199
23,0.887478
