{
    "0.05": 0.625,
    "0.01": 0.333333,
    "0.005": 0.291667,
    "0.001": 0.291667
}