attribute,value
hgb,"(-inf, 142.5>"
hgb,"(142.5, 152.5>"
hgb,"(152.5, 160.5>"
hgb,"(160.5, 162.0>"
hgb,"(162.0, 164.0>"
hgb,"(164.0, 183.0>"
hgb,"(183.0, inf)"
age,"(-inf, 18.75>"
age,"(18.75, 43.45>"
age,"(43.45, 47.349999999999994>"
age,"(47.349999999999994, 52.75>"
age,"(52.75, 56.150000000000006>"
age,"(56.150000000000006, 59.15>"
age,"(59.15, 59.95>"
age,"(59.95, 60.05>"
age,"(60.05, 62.5>"
age,"(62.5, 66.95>"
age,"(66.95, inf)"
clinstg,"(-inf, 1.5>"
clinstg,"(1.5, inf)"
