{
    "distance": 0.112263,
    "n_actions": 1.759259
}