{
    "distance": 0.056608,
    "n_actions": 1.330435
}