{
    "0.05": 0.286957,
    "0.01": 0.286957,
    "0.005": 0.286957,
    "0.001": 0.286957
}