{
    "distance": 0.127976,
    "n_actions": 0.895833
}