{
    "distance": 0.13672,
    "n_actions": 1.041667
}