{
    "distance": 0.060237,
    "n_actions": 1.126437
}