{
    "distance": 0.014243,
    "n_actions": 0.991304
}