{
    "distance": 0.039075,
    "n_actions": 1.142857
}