{
    "0.05": 1.0,
    "0.01": 0.904762,
    "0.005": 0.904762,
    "0.001": 0.904762
}