{
    "distance": 0.012093,
    "n_actions": 1.418605
}