{
    "distance": 0.145351,
    "n_actions": 1.041667
}