id,p
0,0.012966
1,0.006377
2,0.002983
3,0.002983
4,0.025096
5,0.025096
6,0.006377
7,0.006377
8,0.006377
9,0.002983
