{
    "distance": 0.27685,
    "n_actions": 2.648148
}